No, DescripcionColonia,ClaveDelegacion,DescripcionDelegacion,CodigoPostal
1,ACUEDUCTO,CH,CENTRO HISTORICO,76020
2,ALAMEDA,CH,CENTRO HISTORICO,76040
3,ALAMOS 1A. SECCION,CH,CENTRO HISTORICO,76160
4,ALAMOS 2DA SECCION,CH,CENTRO HISTORICO,76160
5,ALAMOS 3A. SECCION,CH,CENTRO HISTORICO,76160
6,AMPLIACION CIMATARIO                              ,CH,CENTRO HISTORICO,
7,ANDALUCIA SECC. CORDOBA,CH,CENTRO HISTORICO,76040
8,ANDALUCIA SECC. GRANADA,CH,CENTRO HISTORICO,76040
9,ARAGON,CH,CENTRO HISTORICO,76040
10,ARBOLEDAS DEL RIO,CH,CENTRO HISTORICO,76027
11,ARQUITOS,CH,CENTRO HISTORICO,76048
12,ASALIAS,CH,CENTRO HISTORICO,76150
13,BALCON CAMPESTRE,CH,CENTRO HISTORICO,76159
14,BARRIO DE LA CRUZ,CH,CENTRO HISTORICO,
15,BARRIO EL TEPETATE                     ,CH,CENTRO HISTORICO,
16,BARRIO SANTA CATARINA                             ,CH,CENTRO HISTORICO,
17,BARRIO SANTA ROSA                                 ,CH,CENTRO HISTORICO,
18,BOSQUES,CH,CENTRO HISTORICO,
19,BOSQUES DEL ACUEDUCTO,CH,CENTRO HISTORICO,76020
20,CARRETAS,CH,CENTRO HISTORICO,76050
21,CASA BLANCA                                       ,CH,CENTRO HISTORICO,76030
22,CENTRO,CH,CENTRO HISTORICO,76000
23,CENTRO UNIVERSITARIO,CH,CENTRO HISTORICO,
24,CIMATARIO,CH,CENTRO HISTORICO,76030
25,CLAUSTROS DEL PARQUE,CH,CENTRO HISTORICO,76168
26,COND. MEGA PLAZA CORREGIDORA,CH,CENTRO HISTORICO,
27,COND. RESIDENCIAL VIVEROS,CH,CENTRO HISTORICO,
28,CONDOMINIO FELIPE ANGELES,CH,CENTRO HISTORICO,
29,CONDOMINIO LA CRUZ,CH,CENTRO HISTORICO,76020
30,CONDOMINIO LOS ANGELES,CH,CENTRO HISTORICO,76150
31,CONDOMINIO LOS CLAUSTROS                          ,CH,CENTRO HISTORICO,
32,CONDOMINIO RINCONADA DE LOS PIRULES,CH,CENTRO HISTORICO,
33,CONDOMINIOS SAN ROQUE,CH,CENTRO HISTORICO,76150
34,CONJ HABTNAL SAN ROQUE QRO,CH,CENTRO HISTORICO,
35,CONJUNTO GEMINIS,CH,CENTRO HISTORICO,76150
36,CONJUNTO HABITACIONAL UNIVERSIDAD,CH,CENTRO HISTORICO,
37,CONJUNTO MARGARITAS,CH,CENTRO HISTORICO,
38,CONJUNTO PARQUES,CH,CENTRO HISTORICO,76158
39,CONJUNTO QUERETARO,CH,CENTRO HISTORICO,
40,CONSTITUYENTES 1917                               ,CH,CENTRO HISTORICO,
41,CONSTITUYENTES DE 1824,CH,CENTRO HISTORICO,76156
42,CONSTITUYENTES FOVISSSTE,CH,CENTRO HISTORICO,76150
43,DEL PRADO,CH,CENTRO HISTORICO,76030
44,DEPARTAMENTAL PARQUES,CH,CENTRO HISTORICO,
45,DESARROLLO LA MONTANA 2000 SECCION III,CH,CENTRO HISTORICO,
46,DILIGENCIAS,CH,CENTRO HISTORICO,76020
47,EL CARRIZAL,CH,CENTRO HISTORICO,76030
48,EL CERRITO,CH,CENTRO HISTORICO,76160
49,EL LAUREL,CH,CENTRO HISTORICO,76046
50,EL MARQUES,CH,CENTRO HISTORICO,76047
51,EL PORVENIR,CH,CENTRO HISTORICO,76158
52,EL RETABLO,CH,CENTRO HISTORICO,76154
53,EL TEPETATE,CH,CENTRO HISTORICO,76160
54,ESPANA,CH,CENTRO HISTORICO,76158
55,ESTIO,CH,CENTRO HISTORICO,76150
56,ESTRELLA,CH,CENTRO HISTORICO,76030
57,EUCALIPTOS,CH,CENTRO HISTORICO,76156
58,FRACCIONAMIENTO EL PRADO,CH,CENTRO HISTORICO,
59,FRACCIONAMIENTO INDUSTRIAL LA MONTANA,CH,CENTRO HISTORICO,
60,FRACCIONAMIENTO ROMY,CH,CENTRO HISTORICO,
61,GOYENE,CH,CENTRO HISTORICO,76026
62,GUADALUPE VICTORIA,CH,CENTRO HISTORICO,76165
63,HIDALGO,CH,CENTRO HISTORICO,76057
64,I.M.S.S.,CH,CENTRO HISTORICO,
65,INDECO LA POPULAR,CH,CENTRO HISTORICO,76150
66,INDUSTRIA DEL HIERRO,CH,CENTRO HISTORICO,
67,JACARANDAS,CH,CENTRO HISTORICO,76168
68,JARDINES DE QUERETARO,CH,CENTRO HISTORICO,76020
69,JUAN CABALLERO Y OSIO,CH,CENTRO HISTORICO,76046
70,LA CIMA SAN PABLO,CH,CENTRO HISTORICO,76159
71,LA CRUZ,CH,CENTRO HISTORICO,76020
72,LA ERA,CH,CENTRO HISTORICO,76150
73,LA ESTACION F.F.C.C.,CH,CENTRO HISTORICO,
74,LA FLORIDA,CH,CENTRO HISTORICO,76150
75,LA PASTORA,CH,CENTRO HISTORICO,76025
76,LA PIEDAD,CH,CENTRO HISTORICO,76150
77,LA POPULAR,CH,CENTRO HISTORICO,76150
78,LA TRINIDAD,CH,CENTRO HISTORICO,76166
79,LAS BRUJAS,CH,CENTRO HISTORICO,76160
80,LAS CAMPANAS                      ,CH,CENTRO HISTORICO,
81,LAS FUENTES,CH,CENTRO HISTORICO,76030
82,LAS GEMAS,CH,CENTRO HISTORICO,76168
83,LAS HADAS,CH,CENTRO HISTORICO,76160
84,LAS MARGARITAS,CH,CENTRO HISTORICO,76165
85,LAS MISIONES,CH,CENTRO HISTORICO,76030
86,LAS PALMAS,CH,CENTRO HISTORICO,76040
87,LAS PENAS,CH,CENTRO HISTORICO,76158
88,LAS PENITAS,CH,CENTRO HISTORICO,76158
89,LAS ROSAS,CH,CENTRO HISTORICO,76164
90,LINDA VISTA,CH,CENTRO HISTORICO,76168
91,LOMA BONITA ,CH,CENTRO HISTORICO,76049
92,LOMAS DE LINDA VISTA,CH,CENTRO HISTORICO,
93,LOS ALCANFORES,CH,CENTRO HISTORICO,76150
94,LOS ALCANFORES SECC. NORTE,CH,CENTRO HISTORICO,76156
95,LOS ALCANFORES SECC. SUR,CH,CENTRO HISTORICO,76156
96,LOS ARCOS                         ,CH,CENTRO HISTORICO,
97,LOS CEDROS,CH,CENTRO HISTORICO,76165
98,LOS CLAUSTROS,CH,CENTRO HISTORICO,76165
99,LOS FAROLES,CH,CENTRO HISTORICO,76158
100,LOS FRESNOS,CH,CENTRO HISTORICO,76150
101,LOS GIRASOLES 1RA,CH,CENTRO HISTORICO,76159
102,LOS GIRASOLES 2DA,CH,CENTRO HISTORICO,76159
103,LOS MOLINOS 1RA,CH,CENTRO HISTORICO,76150
104,LOS MOLINOS 2DA,CH,CENTRO HISTORICO,76150
105,MARIANO DE LAS CASAS,CH,CENTRO HISTORICO,76037
106,MARIANO ESCOBEDO,CH,CENTRO HISTORICO,
107,MERCURIO,CH,CENTRO HISTORICO,76040
108,MODERNA,CH,CENTRO HISTORICO,76030
109,MOLINOS DE LA ERA,CH,CENTRO HISTORICO,76150
110,NACOZARI,CH,CENTRO HISTORICO,
111,NINOS HEROES,CH,CENTRO HISTORICO,76010
112,OBSERVATORIO,CH,CENTRO HISTORICO,76040
113,OBSERVATORIO 2DA,CH,CENTRO HISTORICO,76040
114,PALENQUE,CH,CENTRO HISTORICO,
115,PANAMERICANO,CH,CENTRO HISTORICO,76040
116,PANORAMICO,CH,CENTRO HISTORICO,76046
117,PARQUES DEL ALAMO,CH,CENTRO HISTORICO,76160
118,PARQUES INDUSTRIALES,CH,CENTRO HISTORICO,
119,PARQUES RESIDENCIALES DE QUERETARO,CH,CENTRO HISTORICO,
120,PATHE,CH,CENTRO HISTORICO,76020
121,PIPILA,CH,CENTRO HISTORICO,76150
122,PRADOS DEL TECNOLOGICO,CH,CENTRO HISTORICO,76158
123,PRIMAVERA,CH,CENTRO HISTORICO,76156
124,PRIMERA DE HIDALGO,CH,CENTRO HISTORICO,
125,QUINTA LA LABORCILLA,CH,CENTRO HISTORICO,76168
126,QUINTAS DEL MARQUES,CH,CENTRO HISTORICO,76047
127,REAL DEL PARQUE,CH,CENTRO HISTORICO,76158
128,REAL JURICA,CH,CENTRO HISTORICO,
129,RESIDENCIAL BOSQUES,CH,CENTRO HISTORICO,76168
130,RESIDENCIAL BUGAMBILIAS,CH,CENTRO HISTORICO,76159
131,RESIDENCIAL LOS FRESNOS,CH,CENTRO HISTORICO,
132,RESIDENCIAL SAN ROQUE,CH,CENTRO HISTORICO,76150
133,RESIDENCIAL TECNOLOGICO,CH,CENTRO HISTORICO,76150
134,RINCON DE FRAY JUAN DE SAN MIG,CH,CENTRO HISTORICO,
135,RINCONADA DE FRAY JUAN,CH,CENTRO HISTORICO,76036
136,RINCONADA DE LOS ALAMOS,CH,CENTRO HISTORICO,76160
137,RINCONADA JACARANDAS,CH,CENTRO HISTORICO,76168
138,RINCONADA LOS PIRULES,CH,CENTRO HISTORICO,76150
139,RINCONADA MORELOS,CH,CENTRO HISTORICO,
140,RINCONADA SAN ANDRES,CH,CENTRO HISTORICO,76005
141,RINCONADA SAN JOAQUIN,CH,CENTRO HISTORICO,76159
142,RINCONADA SAN JOSE ,CH,CENTRO HISTORICO,
143,SAN ANGEL,CH,CENTRO HISTORICO,76030
144,SAN FRANCISQUITO,CH,CENTRO HISTORICO,76058
145,SAN GREGORIO,CH,CENTRO HISTORICO,76156
146,SAN JAVIER,CH,CENTRO HISTORICO,76020
147,SAN JOAQUIN (SAN PABLO) QRO,CH,CENTRO HISTORICO,
148,SAN JOSE DE LA MONTANA,CH,CENTRO HISTORICO,76027
149,SAN JOSE INN,CH,CENTRO HISTORICO,76027
150,SAN PABLO MIRADOR,CH,CENTRO HISTORICO,76159
151,SAN PABLO TECNOLOGICO,CH,CENTRO HISTORICO,76150
152,SAN ROQUE,CH,CENTRO HISTORICO,76150
153,SAN SEBASTIAN,CH,CENTRO HISTORICO,76165
154,SANTA CATARINA,CH,CENTRO HISTORICO,76157
155,TEC 2000,CH,CENTRO HISTORICO,
156,TECNOLOGICO,CH,CENTRO HISTORICO,76158
157,TRES GUERRAS,CH,CENTRO HISTORICO,76020
158,UNID. HABIT. HEROES NACOZARI,CH,CENTRO HISTORICO,76164
159,UNIDAD HABITACIONAL CONSTITUYENTES DE 1824,CH,CENTRO HISTORICO,76156
160,UNIDAD HABITACIONAL SAN ROQUE,CH,CENTRO HISTORICO,76150
161,UNIVERSIDAD,CH,CENTRO HISTORICO,76028
162,VALLE ALAMEDA,CH,CENTRO HISTORICO,76040
163,VICENTE GUERRERO,CH,CENTRO HISTORICO,
164,VILLAN DE SAN JOAQUIN,CH,CENTRO HISTORICO,
165,VILLAS DEL REFUGIO,CH,CENTRO HISTORICO,76030
166,VILLAS DEL SOL 1RA,CH,CENTRO HISTORICO,76046
167,VILLAS DEL SOL 2DA,CH,CENTRO HISTORICO,76046
168,VILLAS DEL SOL 3RA,CH,CENTRO HISTORICO,76046
169,VILLAS DEL SUR,CH,CENTRO HISTORICO,76040
170,VILLAS LAS ARBOLEADAS,CH,CENTRO HISTORICO,76178
171,VILLAS TECNOLOGICO,CH,CENTRO HISTORICO,
172,VIVEROS QUERETARO,CH,CENTRO HISTORICO,76155
173,CONDESA,CH,CENTRO HISTORICO,
174,CONDOMINIO INDUSTRIAL EL FENIX,CH,CENTRO HISTORICO,
175,PATIO EL FERROCARRIL,CH,CENTRO HISTORICO,
176,RESIDENCIAL SANTA ANITA,CH,CENTRO HISTORICO,
177,RINCON SAN ANTONIO,CH,CENTRO HISTORICO,
178,SAN PABLO,CH,CENTRO HISTORICO,
179,12 DE DICIEMBRE,EPG,EPIGMENIO GONZALEZ FLORES,76148
180,1RO. DE JUNIO,EPG,EPIGMENIO GONZALEZ FLORES,76147
181,5 HALCONES,EPG,EPIGMENIO GONZALEZ FLORES,76147
182,ALAMEDA,EPG,EPIGMENIO GONZALEZ FLORES,76148
183,ALTA VISTA ,EPG,EPIGMENIO GONZALEZ FLORES,
184,ALTOS DE SAN PABLO,EPG,EPIGMENIO GONZALEZ FLORES,76121
185,ALTOS DEL PEDREGAL,EPG,EPIGMENIO GONZALEZ FLORES,
186,ALTOS DEL SALITRE,EPG,EPIGMENIO GONZALEZ FLORES,76127
187,ALTOZANO EL NUEVO QUERETARO                       ,EPG,EPIGMENIO GONZALEZ FLORES,76237
188,AMALIA SOLORZANO,EPG,EPIGMENIO GONZALEZ FLORES,76148
189,AMOLES,EPG,EPIGMENIO GONZALEZ FLORES,
190,AMPLIACION AMALIA SOLORZANO,EPG,EPIGMENIO GONZALEZ FLORES,76148
191,AMPLIACION BOSQUES DE LA HACIENDA,EPG,EPIGMENIO GONZALEZ FLORES,76147
192,AMPLIACION EL OASIS,EPG,EPIGMENIO GONZALEZ FLORES,
193,AMPLIACION EL REFUGIO,EPG,EPIGMENIO GONZALEZ FLORES,
194,AMPLIACION SALITRE,EPG,EPIGMENIO GONZALEZ FLORES,
195,ANEXO ECOLOGICA,EPG,EPIGMENIO GONZALEZ FLORES,76148
196,ANTORCHISTAS,EPG,EPIGMENIO GONZALEZ FLORES,76147
197,ARBOLEDAS,EPG,EPIGMENIO GONZALEZ FLORES,76140
198,ARBOLEDAS DEL PARQUE,EPG,EPIGMENIO GONZALEZ FLORES,76140
199,ARCANGEL (SAN JOSE EL ALTO),EPG,EPIGMENIO GONZALEZ FLORES,
200,ARCE,EPG,EPIGMENIO GONZALEZ FLORES,
201,ASAMBLEA AMERICA,EPG,EPIGMENIO GONZALEZ FLORES,
202,ASOCIACION SIGLO 2000,EPG,EPIGMENIO GONZALEZ FLORES,
203,ASOCIACION SIGLO XXI,EPG,EPIGMENIO GONZALEZ FLORES,
204,BALCONES DE BELEN,EPG,EPIGMENIO GONZALEZ FLORES,76147
205,BALCONES DE SAN PABLO,EPG,EPIGMENIO GONZALEZ FLORES,76144
206,BALCONES DE SAN PABLO II,EPG,EPIGMENIO GONZALEZ FLORES,76144
207,BARRIO LOMAS DE MENCHACA,EPG,EPIGMENIO GONZALEZ FLORES,
208,BELEN,EPG,EPIGMENIO GONZALEZ FLORES,
209,BELLA VISTA,EPG,EPIGMENIO GONZALEZ FLORES,
210,BELLAVISTA SAN PABLO,EPG,EPIGMENIO GONZALEZ FLORES,76125
211,BOSQUES DE BELLAVISTA I ,EPG,EPIGMENIO GONZALEZ FLORES,76147
212,BOSQUES DE BELLAVISTA II,EPG,EPIGMENIO GONZALEZ FLORES,76147
213,BOSQUES DE ITURBIDE,EPG,EPIGMENIO GONZALEZ FLORES,76147
214,BOSQUES DE LA HACIENDA,EPG,EPIGMENIO GONZALEZ FLORES,76148
215,BOSQUES DE LA HACIENDA SECCION 1                  ,EPG,EPIGMENIO GONZALEZ FLORES,76148
216,BOSQUES DE LA HACIENDA SECCION 2                  ,EPG,EPIGMENIO GONZALEZ FLORES,76148
217,BOSQUES DE SAN PABLO,EPG,EPIGMENIO GONZALEZ FLORES,76147
218,BUENOS AIRES,EPG,EPIGMENIO GONZALEZ FLORES,76147
219,CARLOS MARIA BUSTAMANTE,EPG,EPIGMENIO GONZALEZ FLORES,76147
220,CEDROS,EPG,EPIGMENIO GONZALEZ FLORES,76148
221,CENTRO NORTE,EPG,EPIGMENIO GONZALEZ FLORES,76148
222,CHELITO,EPG,EPIGMENIO GONZALEZ FLORES,
223,COLINAS DE MENCHACA,EPG,EPIGMENIO GONZALEZ FLORES,76147
224,COLINAS DE MENCHACA II,EPG,EPIGMENIO GONZALEZ FLORES,76147
225,COLINAS DE SAN PABLO,EPG,EPIGMENIO GONZALEZ FLORES,76148
226,COLINAS DEL LAGO,EPG,EPIGMENIO GONZALEZ FLORES,
227,COLINAS DEL MENCHACA III,EPG,EPIGMENIO GONZALEZ FLORES,76147
228,COLINAS DEL PEDREGAL,EPG,EPIGMENIO GONZALEZ FLORES,76147
229,COND BELLAVISTA SAN PABLO QRO,EPG,EPIGMENIO GONZALEZ FLORES,
230,COND RESIDENCIAL VIVA QRO,EPG,EPIGMENIO GONZALEZ FLORES,
231,COND RINCNADA DEL PACIFICO QRO,EPG,EPIGMENIO GONZALEZ FLORES,
232,COND. CUMBRES DE SANTIAGO,EPG,EPIGMENIO GONZALEZ FLORES,
233,COND.ALCATRACES,EPG,EPIGMENIO GONZALEZ FLORES,76140
234,CONDESA PALMAS,EPG,EPIGMENIO GONZALEZ FLORES,
235,CONDOMINIO ASAHI,EPG,EPIGMENIO GONZALEZ FLORES,
236,CONDOMINIO LAS BUGAMBILIAS,EPG,EPIGMENIO GONZALEZ FLORES,
237,CONDOMINIO LAS PALOMAS,EPG,EPIGMENIO GONZALEZ FLORES,
238,CONDOMINIO LOS NARANJOS,EPG,EPIGMENIO GONZALEZ FLORES,
239,CONDOMINIO MEDEA,EPG,EPIGMENIO GONZALEZ FLORES,
240,CONDOMINIO ORION,EPG,EPIGMENIO GONZALEZ FLORES,76148
241,CONDOMINIO PLAZA DEL PARQUE,EPG,EPIGMENIO GONZALEZ FLORES,76148
242,CONDOMINIO PRIVADA CUESTA AZUL,EPG,EPIGMENIO GONZALEZ FLORES,
243,CONDOMINIO RIVERA,EPG,EPIGMENIO GONZALEZ FLORES,
244,CONDOMINIO TAMAYO,EPG,EPIGMENIO GONZALEZ FLORES,
245,CONDOMINIO TULIPANES,EPG,EPIGMENIO GONZALEZ FLORES,
246,CONDOMINIO YATAI,EPG,EPIGMENIO GONZALEZ FLORES,
247,CONDOMINIOS LOS VITRALES,EPG,EPIGMENIO GONZALEZ FLORES,
248,CONJUNTO BELEN,EPG,EPIGMENIO GONZALEZ FLORES,76148
249,CONJUNTO EL CARMEN,EPG,EPIGMENIO GONZALEZ FLORES,
250,CONJUNTO GEMINIS,EPG,EPIGMENIO GONZALEZ FLORES,
251,CONJUNTO HABITACION VISTA 2000,EPG,EPIGMENIO GONZALEZ FLORES,
252,CONQUISTADORES,EPG,EPIGMENIO GONZALEZ FLORES,76121
253,CONSTITUYENTES DEL PARQUE,EPG,EPIGMENIO GONZALEZ FLORES,76147
254,CUAUHTEMOC,EPG,EPIGMENIO GONZALEZ FLORES,76147
255,DA ROSA,EPG,EPIGMENIO GONZALEZ FLORES,
256,DEL BOSQUE,EPG,EPIGMENIO GONZALEZ FLORES,
257,DES. SAN PABLO COMEVI I,EPG,EPIGMENIO GONZALEZ FLORES,76125
258,DES. SAN PABLO COMEVI II,EPG,EPIGMENIO GONZALEZ FLORES,76125
259,DES. SAN PABLO FOVISTE II,EPG,EPIGMENIO GONZALEZ FLORES,76125
260,DES. SAN PABLO INFONAVIT I,EPG,EPIGMENIO GONZALEZ FLORES,76125
261,DES. SAN PABLO INFONAVIT II,EPG,EPIGMENIO GONZALEZ FLORES,76125
262,DES. SAN PABLO INFONAVIT III,EPG,EPIGMENIO GONZALEZ FLORES,76125
263,DES. SAN PABLO INFONAVIT IV,EPG,EPIGMENIO GONZALEZ FLORES,76125
264,DESARROLLO CENTRO NORTE,EPG,EPIGMENIO GONZALEZ FLORES,
265,DESARROLLO HABITACIONAL SAN PABLO,EPG,EPIGMENIO GONZALEZ FLORES,
266,DESARROLLO SAN ANGEL,EPG,EPIGMENIO GONZALEZ FLORES,
267,DESARROLLO SAN ANGEL,EPG,EPIGMENIO GONZALEZ FLORES,76147
268,DESARROLLO SAN PABLO,EPG,EPIGMENIO GONZALEZ FLORES,76130
269,DESARROLLO SAN PABLO I ,EPG,EPIGMENIO GONZALEZ FLORES,
270,DESARROLLO SN PABLO II,EPG,EPIGMENIO GONZALEZ FLORES,
271,DIAMANTE,EPG,EPIGMENIO GONZALEZ FLORES,76100
272,DIANA LAURA II,EPG,EPIGMENIO GONZALEZ FLORES,76147
273,DIANA LAURA ROJAS I,EPG,EPIGMENIO GONZALEZ FLORES,76147
274,ECOLOGICAS,EPG,EPIGMENIO GONZALEZ FLORES,76148
275,EJIDO DE SAN PABLO                                ,EPG,EPIGMENIO GONZALEZ FLORES,
276,EJIDO EL SALITRE,EPG,EPIGMENIO GONZALEZ FLORES,
277,EJIDO MENCHACA                                    ,EPG,EPIGMENIO GONZALEZ FLORES,
278,EJIDO MENCHACA (LOS PINOS)                        ,EPG,EPIGMENIO GONZALEZ FLORES,
279,EJIDO SAN PABLO                                  ,EPG,EPIGMENIO GONZALEZ FLORES,
280,EJIDO SAN PABLO                                   ,EPG,EPIGMENIO GONZALEZ FLORES,
281,EJIDO SAN PABLO SECC. B,EPG,EPIGMENIO GONZALEZ FLORES,
282,EJIDO TERRAZAS DEL MIRADOR,EPG,EPIGMENIO GONZALEZ FLORES,
283,EL  LIENZO - SAN JOSE,EPG,EPIGMENIO GONZALEZ FLORES,76147
284,EL ARCANGEL  LA GUAYINA,EPG,EPIGMENIO GONZALEZ FLORES,76147
285,EL CARMEN,EPG,EPIGMENIO GONZALEZ FLORES,
286,EL CASTANO,EPG,EPIGMENIO GONZALEZ FLORES,
287,EL CASTANO I,EPG,EPIGMENIO GONZALEZ FLORES,
288,EL CASTANO II,EPG,EPIGMENIO GONZALEZ FLORES,
289,EL GRANJENAL                                      ,EPG,EPIGMENIO GONZALEZ FLORES,
290,EL MONTE                                          ,EPG,EPIGMENIO GONZALEZ FLORES,
291,EL OASIS,EPG,EPIGMENIO GONZALEZ FLORES,76024
292,EL OASIS AMPLIACION,EPG,EPIGMENIO GONZALEZ FLORES,76024
293,EL PACONAL,EPG,EPIGMENIO GONZALEZ FLORES,76147
294,EL PARQUE,EPG,EPIGMENIO GONZALEZ FLORES,76148
295,EL RANCHITO,EPG,EPIGMENIO GONZALEZ FLORES,
296,EL RESTO,EPG,EPIGMENIO GONZALEZ FLORES,76147
297,EL SALITRE,EPG,EPIGMENIO GONZALEZ FLORES,76127
298,EL TANQUE,EPG,EPIGMENIO GONZALEZ FLORES,76147
299,EL TORIL,EPG,EPIGMENIO GONZALEZ FLORES,76147
300,EL VERGEL,EPG,EPIGMENIO GONZALEZ FLORES,76148
301,ENRIQUE BURGOS,EPG,EPIGMENIO GONZALEZ FLORES,
302,EPIGMENIO GONZALEZ,EPG,EPIGMENIO GONZALEZ FLORES,
303,ESPERANZA,EPG,EPIGMENIO GONZALEZ FLORES,76121
304,EURIPIDES,EPG,EPIGMENIO GONZALEZ FLORES,76148
305,EX HACIENDA MENCHACA                              ,EPG,EPIGMENIO GONZALEZ FLORES,
306,EX HACIENDA SAN PEDRITO EL ALTO,EPG,EPIGMENIO GONZALEZ FLORES,
307,FELIPE ANGELES,EPG,EPIGMENIO GONZALEZ FLORES,76121
308,FRACC. CAMPANARIO,EPG,EPIGMENIO GONZALEZ FLORES,
309,FRACC. CARPIO,EPG,EPIGMENIO GONZALEZ FLORES,
310,FRACC. CARRETAS                          ,EPG,EPIGMENIO GONZALEZ FLORES,
311,FRACC. CEDRO,EPG,EPIGMENIO GONZALEZ FLORES,
312,FRACC. CIENEGA,EPG,EPIGMENIO GONZALEZ FLORES,
313,FRACC. CONSTITUYENTES,EPG,EPIGMENIO GONZALEZ FLORES,
314,FRACC. EL ROBLE,EPG,EPIGMENIO GONZALEZ FLORES,76147
315,FRACC. PORTAL DE SANTIAGO,EPG,EPIGMENIO GONZALEZ FLORES,76148
316,FRACC. VILLAS TLALOC,EPG,EPIGMENIO GONZALEZ FLORES,
317,FRACCIONAMIENTO ALAMEDA RESIDENCIAL,EPG,EPIGMENIO GONZALEZ FLORES,
318,FRACCIONAMIENTO ALAMOS DEL LAGO,EPG,EPIGMENIO GONZALEZ FLORES,
319,FRACCIONAMIENTO BOJAI RESIDENCIAL                 ,EPG,EPIGMENIO GONZALEZ FLORES,
320,FRACCIONAMIENTO CUESTA AZUL,EPG,EPIGMENIO GONZALEZ FLORES,76148
321,FRACCIONAMIENTO EL PARQUE,EPG,EPIGMENIO GONZALEZ FLORES,
322,FRACCIONAMIENTO EL VERGEL,EPG,EPIGMENIO GONZALEZ FLORES,
323,FRACCIONAMIENTO FUENTES DEL PARQUE,EPG,EPIGMENIO GONZALEZ FLORES,
324,FRACCIONAMIENTO MOVIMIENTO OBRERO                 ,EPG,EPIGMENIO GONZALEZ FLORES,
325,FRACCIONAMIENTO PALMARES I,EPG,EPIGMENIO GONZALEZ FLORES,
326,FRACCIONAMIENTO PUERTA DE BELEN,EPG,EPIGMENIO GONZALEZ FLORES,
327,FRACCIONAMIENTO RESIDENCIAL EL REFUGIO            ,EPG,EPIGMENIO GONZALEZ FLORES,
328,FRACCIONAMIENTO RINCONES DEL PARQUE,EPG,EPIGMENIO GONZALEZ FLORES,
329,FRACCIONAMIENTO SAN PABLO I,EPG,EPIGMENIO GONZALEZ FLORES,
330,FRACCIONAMIENTO SAN PABLO II,EPG,EPIGMENIO GONZALEZ FLORES,
331,FRACCIONAMIENTO SAN PEDRITO LOS ARCOS,EPG,EPIGMENIO GONZALEZ FLORES,
332,FRACCIONAMIENTO VALLE DE SAN PEDRITO PENUELAS,EPG,EPIGMENIO GONZALEZ FLORES,
333,FRAY JUNIPERO SERRA,EPG,EPIGMENIO GONZALEZ FLORES,76147
334,FRENTE CARDENISTA,EPG,EPIGMENIO GONZALEZ FLORES,
335,FUENTES DE SAN PABLO,EPG,EPIGMENIO GONZALEZ FLORES,76127
336,GENERACION 2000,EPG,EPIGMENIO GONZALEZ FLORES,76147
337,GRANJENAL                                         ,EPG,EPIGMENIO GONZALEZ FLORES,76147
338,HALCONES,EPG,EPIGMENIO GONZALEZ FLORES,76147
339,HEBERTO CASTILLO,EPG,EPIGMENIO GONZALEZ FLORES,76147
340,HERIBERTO CASTILLO MARTINEZ,EPG,EPIGMENIO GONZALEZ FLORES,76148
341,HORNO DEL MUERTO,EPG,EPIGMENIO GONZALEZ FLORES,76147
342,IGNACIO PEREZ,EPG,EPIGMENIO GONZALEZ FLORES,76148
343,IGNACIO ZARAGOZA,EPG,EPIGMENIO GONZALEZ FLORES,76147
344,INDEPENDENCIA,EPG,EPIGMENIO GONZALEZ FLORES,
345,INDUSTRIAL SAN PEDRITO PENUELAS                   ,EPG,EPIGMENIO GONZALEZ FLORES,
346,IQUISA,EPG,EPIGMENIO GONZALEZ FLORES,
347,JARDINES DE ALBORADA,EPG,EPIGMENIO GONZALEZ FLORES,76125
348,JARDINES DE LA ALBORADA                           ,EPG,EPIGMENIO GONZALEZ FLORES,
349,JARDINES DE SAN JOSE,EPG,EPIGMENIO GONZALEZ FLORES,
350,JARDINES DE SAN JOSE I,EPG,EPIGMENIO GONZALEZ FLORES,76147
351,JARDINES DE SAN JOSE II,EPG,EPIGMENIO GONZALEZ FLORES,76147
352,JARDINES DE SAN JOSE IV,EPG,EPIGMENIO GONZALEZ FLORES,76147
353,JARDINES DE SANTIAGO,EPG,EPIGMENIO GONZALEZ FLORES,
354,JARDINES DE SANTIAGO,EPG,EPIGMENIO GONZALEZ FLORES,76148
355,JARDINES DE SANTIAGO SECCION LOS CIRUELOS         ,EPG,EPIGMENIO GONZALEZ FLORES,
356,JARDINES DE VILLAS DE SANTIAGO,EPG,EPIGMENIO GONZALEZ FLORES,
357,JOSEFA ORTIZ DE DOMINGUEZ,EPG,EPIGMENIO GONZALEZ FLORES,76110
358,KALIA,EPG,EPIGMENIO GONZALEZ FLORES,
359,LA CANTERA I,EPG,EPIGMENIO GONZALEZ FLORES,
360,LA CANTERA II,EPG,EPIGMENIO GONZALEZ FLORES,
361,LA CIMA,EPG,EPIGMENIO GONZALEZ FLORES,76146
362,LA CONDESA,EPG,EPIGMENIO GONZALEZ FLORES,76147
363,LA DINAMITA,EPG,EPIGMENIO GONZALEZ FLORES,
364,LA ECOLOGICA,EPG,EPIGMENIO GONZALEZ FLORES,76148
365,LA ERA (SAN JOSE),EPG,EPIGMENIO GONZALEZ FLORES,76150
366,LA ESPEANZA,EPG,EPIGMENIO GONZALEZ FLORES,76121
367,LA ESPERANZA,EPG,EPIGMENIO GONZALEZ FLORES,76121
368,LA ESPIGA                                         ,EPG,EPIGMENIO GONZALEZ FLORES,
369,LA JECA,EPG,EPIGMENIO GONZALEZ FLORES,
370,LA LADERA,EPG,EPIGMENIO GONZALEZ FLORES,76147
371,LA NUEVA REALIDAD,EPG,EPIGMENIO GONZALEZ FLORES,76148
372,LA RUECA,EPG,EPIGMENIO GONZALEZ FLORES,76148
373,LA VISTA RESIDENCIAL,EPG,EPIGMENIO GONZALEZ FLORES,
374,LADERAS DEL SALITRE,EPG,EPIGMENIO GONZALEZ FLORES,76147
375,LAS AMERICAS,EPG,EPIGMENIO GONZALEZ FLORES,76121
376,LAS AMERICAS II,EPG,EPIGMENIO GONZALEZ FLORES,
377,LAS AMERICAS III,EPG,EPIGMENIO GONZALEZ FLORES,76121
378,LAS AMERICAS ORIENTE Y PONIENTE,EPG,EPIGMENIO GONZALEZ FLORES,76121
379,LAS CRUCITAS,EPG,EPIGMENIO GONZALEZ FLORES,76146
380,LAS FLORES                                        ,EPG,EPIGMENIO GONZALEZ FLORES,
381,LAS FUENTES,EPG,EPIGMENIO GONZALEZ FLORES,
382,LAS MARAVILLAS,EPG,EPIGMENIO GONZALEZ FLORES,76148
383,LAS MARGARITAS - SAN JOSE,EPG,EPIGMENIO GONZALEZ FLORES,76147
384,LAS MARGARITAS - SAN PABLO,EPG,EPIGMENIO GONZALEZ FLORES,76147
385,LAS MARGARITAS(SAN J.EL ALTO),EPG,EPIGMENIO GONZALEZ FLORES,
386,LAS TINAJAS,EPG,EPIGMENIO GONZALEZ FLORES,76147
387,LAS TINAJAS II,EPG,EPIGMENIO GONZALEZ FLORES,76147
388,LATINOAMERICANA                                   ,EPG,EPIGMENIO GONZALEZ FLORES,
389,LATINOAMERICANA I,EPG,EPIGMENIO GONZALEZ FLORES,76125
390,LATINOAMERICANA II,EPG,EPIGMENIO GONZALEZ FLORES,76125
391,LIBERTAD,EPG,EPIGMENIO GONZALEZ FLORES,76148
392,LIBERTADORES,EPG,EPIGMENIO GONZALEZ FLORES,
393,LIBERTADORES DE AMERICA,EPG,EPIGMENIO GONZALEZ FLORES,76147
394,LIBERTADORES SOCIALES,EPG,EPIGMENIO GONZALEZ FLORES,76130
395,LIC ALFREDO ESTRADA ROMERO,EPG,EPIGMENIO GONZALEZ FLORES,
396,LOMAS DE SAN JOSE,EPG,EPIGMENIO GONZALEZ FLORES,76148
397,LOMAS DE SAN MIGUEL,EPG,EPIGMENIO GONZALEZ FLORES,76147
398,LOMAS DE SAN PABLO,EPG,EPIGMENIO GONZALEZ FLORES,76125
399,LOMAS DE SAN PEDRITO,EPG,EPIGMENIO GONZALEZ FLORES,76148
400,LOMAS DE SAN PEDRITO - SECC. PORTALES,EPG,EPIGMENIO GONZALEZ FLORES,76148
401,LOMAS DE SAN PEDRITO PENUELAS,EPG,EPIGMENIO GONZALEZ FLORES,76148
402,LOMAS DE SAN PEDRITO PENUELAS II,EPG,EPIGMENIO GONZALEZ FLORES,
403,LOMAS DEL MIRADOR,EPG,EPIGMENIO GONZALEZ FLORES,76130
404,LOMAS DEL TEPEYAC,EPG,EPIGMENIO GONZALEZ FLORES,76147
405,LOS AGAVES,EPG,EPIGMENIO GONZALEZ FLORES,76147
406,LOS ARROYITOS,EPG,EPIGMENIO GONZALEZ FLORES,76147
407,LOS CIPRESES,EPG,EPIGMENIO GONZALEZ FLORES,76148
408,LOS CIRUELOS,EPG,EPIGMENIO GONZALEZ FLORES,76148
409,LOS GIRASOLES,EPG,EPIGMENIO GONZALEZ FLORES,76159
410,LOS GOMEZ,EPG,EPIGMENIO GONZALEZ FLORES,76147
411,LOS HUERTOS,EPG,EPIGMENIO GONZALEZ FLORES,76147
412,LOS PADILLA,EPG,EPIGMENIO GONZALEZ FLORES,76148
413,LOS PINOS,EPG,EPIGMENIO GONZALEZ FLORES,76147
414,LOS ROBLES,EPG,EPIGMENIO GONZALEZ FLORES,76125
415,LOS SABINOS,EPG,EPIGMENIO GONZALEZ FLORES,76148
416,MALLORCA,EPG,EPIGMENIO GONZALEZ FLORES,
417,MARTIRES DE LA LIBERTAD I,EPG,EPIGMENIO GONZALEZ FLORES,76147
418,MARTIRES DE LIBERTAD II,EPG,EPIGMENIO GONZALEZ FLORES,76132
419,MENCHACA,EPG,EPIGMENIO GONZALEZ FLORES,76147
420,"MENCHACA (RANCHO), EJIDO",EPG,EPIGMENIO GONZALEZ FLORES,
421,MENCHACA I,EPG,EPIGMENIO GONZALEZ FLORES,76147
422,MENCHACA II,EPG,EPIGMENIO GONZALEZ FLORES,76147
423,MENCHACA III,EPG,EPIGMENIO GONZALEZ FLORES,76147
424,MENCHACA IV,EPG,EPIGMENIO GONZALEZ FLORES,
425,"MENCHACA(USO COMUN I), EJIDO",EPG,EPIGMENIO GONZALEZ FLORES,
426,"MENCHACA(USO COMUN II), EJIDO",EPG,EPIGMENIO GONZALEZ FLORES,
427,MICROINDUSTRIALES DE SAN JOSE EL ALTO             ,EPG,EPIGMENIO GONZALEZ FLORES,
428,MIRADOR SAN XAVIER,EPG,EPIGMENIO GONZALEZ FLORES,
429,MISION BUCARELI NORTE,EPG,EPIGMENIO GONZALEZ FLORES,76148
430,MISION CONCA,EPG,EPIGMENIO GONZALEZ FLORES,
431,MISION DE BUCARELI,EPG,EPIGMENIO GONZALEZ FLORES,76148
432,MISION DE BUCARELI SUR,EPG,EPIGMENIO GONZALEZ FLORES,76125
433,MISION RIVIERA,EPG,EPIGMENIO GONZALEZ FLORES,76148
434,MOCTZUMA HILUHICAMINA,EPG,EPIGMENIO GONZALEZ FLORES,76148
435,MONARCA,EPG,EPIGMENIO GONZALEZ FLORES,76147
436,MONARCAS I                                        ,EPG,EPIGMENIO GONZALEZ FLORES,
437,MONARCAS II                                       ,EPG,EPIGMENIO GONZALEZ FLORES,
438,MOVIMIENTO OBRERO,EPG,EPIGMENIO GONZALEZ FLORES,76121
439,MOVIMIENTO OBRERO II,EPG,EPIGMENIO GONZALEZ FLORES,
440,MUJERES INDEPENDIENTES,EPG,EPIGMENIO GONZALEZ FLORES,76147
441,NACIONAL,EPG,EPIGMENIO GONZALEZ FLORES,
442,NUEVA CREACION,EPG,EPIGMENIO GONZALEZ FLORES,76147
443,NUEVA ESPERANZA,EPG,EPIGMENIO GONZALEZ FLORES,
444,NUEVO HORIZONTE,EPG,EPIGMENIO GONZALEZ FLORES,76148
445,NUEVO MEXICO,EPG,EPIGMENIO GONZALEZ FLORES,76014
446,NUEVO REFUGIO                                     ,EPG,EPIGMENIO GONZALEZ FLORES,
447,NUEVO SAN PEDRITO,EPG,EPIGMENIO GONZALEZ FLORES,
448,NUEVO SAN PEDRITO PENUELAS,EPG,EPIGMENIO GONZALEZ FLORES,76147
449,"NUEVO SAN PEDRITO SECCIONES I,II Y III",EPG,EPIGMENIO GONZALEZ FLORES,
450,NUEVO SANTIAGO,EPG,EPIGMENIO GONZALEZ FLORES,
451,PALMA REAL,EPG,EPIGMENIO GONZALEZ FLORES,
452,PALMARES,EPG,EPIGMENIO GONZALEZ FLORES,76127
453,PALMAS CARIOTA,EPG,EPIGMENIO GONZALEZ FLORES,
454,PALMAS DE SAN JOSE,EPG,EPIGMENIO GONZALEZ FLORES,7614
455,PALMAS I,EPG,EPIGMENIO GONZALEZ FLORES,76127
456,PALMAS II,EPG,EPIGMENIO GONZALEZ FLORES,76127
457,PALMAS III,EPG,EPIGMENIO GONZALEZ FLORES,
458,PALMAS IV,EPG,EPIGMENIO GONZALEZ FLORES,76127
459,PALMAS V                                          ,EPG,EPIGMENIO GONZALEZ FLORES,
460,PARQUE QRO. 2000,EPG,EPIGMENIO GONZALEZ FLORES,
461,PASEO DE LA CUESTA,EPG,EPIGMENIO GONZALEZ FLORES,76148
462,PASEO MILOS,EPG,EPIGMENIO GONZALEZ FLORES,
463,PASEO SAN JUNIPERO                                ,EPG,EPIGMENIO GONZALEZ FLORES,
464,PASEO SANTORINI,EPG,EPIGMENIO GONZALEZ FLORES,
465,PASEOS DEL PEDREGAL,EPG,EPIGMENIO GONZALEZ FLORES,76148
466,PASEOS DEL PEDREGAL II,EPG,EPIGMENIO GONZALEZ FLORES,
467,PEDREGAL DE MENCHACA,EPG,EPIGMENIO GONZALEZ FLORES,76014
468,PEDREGAL DE SAN JOSE,EPG,EPIGMENIO GONZALEZ FLORES,
469,PENUELAS,EPG,EPIGMENIO GONZALEZ FLORES,76148
470,PENUELAS ECOLOGICO,EPG,EPIGMENIO GONZALEZ FLORES,76148
471,PENUELAS I,EPG,EPIGMENIO GONZALEZ FLORES,
472,PENUELAS -NORTE Y SUR,EPG,EPIGMENIO GONZALEZ FLORES,76148
473,PLAZA DEL PARQUE,EPG,EPIGMENIO GONZALEZ FLORES,76149
474,PORTAL DE SAMANIEGO,EPG,EPIGMENIO GONZALEZ FLORES,
475,PORTALES,EPG,EPIGMENIO GONZALEZ FLORES,76148
476,PRIVADA ARBOLEDAS,EPG,EPIGMENIO GONZALEZ FLORES,76140
477,PRIVADA RESIDENCIAL LA FLORESTA,EPG,EPIGMENIO GONZALEZ FLORES,
478,PRIVALIA,EPG,EPIGMENIO GONZALEZ FLORES,
479,PROYECCION 2000,EPG,EPIGMENIO GONZALEZ FLORES,76147
480,PUERTA DE BELEN,EPG,EPIGMENIO GONZALEZ FLORES,76148
481,PUERTAS DEL SOL,EPG,EPIGMENIO GONZALEZ FLORES,76114
482,PUESTA DEL SOL,EPG,EPIGMENIO GONZALEZ FLORES,76116
483,PUESTA DEL SOL 3,EPG,EPIGMENIO GONZALEZ FLORES,
484,PUNTA SAN CARLOS,EPG,EPIGMENIO GONZALEZ FLORES,76125
485,QRONOS II,EPG,EPIGMENIO GONZALEZ FLORES,76130
486,QUERETARO SABINO,EPG,EPIGMENIO GONZALEZ FLORES,76148
487,RAFAEL OSUNA,EPG,EPIGMENIO GONZALEZ FLORES,
488,RANCHO MENCHACA,EPG,EPIGMENIO GONZALEZ FLORES,76147
489,RANCHO QUEMADO,EPG,EPIGMENIO GONZALEZ FLORES,76147
490,RAQUET CLUB,EPG,EPIGMENIO GONZALEZ FLORES,76127
491,REAL DE ESPANA,EPG,EPIGMENIO GONZALEZ FLORES,76147
492,REFORMA AGRARIA RADICAL,EPG,EPIGMENIO GONZALEZ FLORES,76148
493,RENACIMIENTO,EPG,EPIGMENIO GONZALEZ FLORES,76147
494,RESIDENCIAL BELLAVISTA,EPG,EPIGMENIO GONZALEZ FLORES,76147
495,RESIDENCIAL GARDENO,EPG,EPIGMENIO GONZALEZ FLORES,
496,RESIDENCIAL MURALTO,EPG,EPIGMENIO GONZALEZ FLORES,
497,RESIDENCIAL PALMAS,EPG,EPIGMENIO GONZALEZ FLORES,
498,RESIDENCIAL SAN PEDRO,EPG,EPIGMENIO GONZALEZ FLORES,76148
499,RICARDO FLORES MAGON,EPG,EPIGMENIO GONZALEZ FLORES,76148
500,RINCONADA,EPG,EPIGMENIO GONZALEZ FLORES,
501,RINCONADA ARBOLEDAS,EPG,EPIGMENIO GONZALEZ FLORES,
502,RINCONADA ARBOLEDAS DEL PARQUE,EPG,EPIGMENIO GONZALEZ FLORES,
503,RINCONADA ASOCIACION CIVIL,EPG,EPIGMENIO GONZALEZ FLORES,76147
504,RINCONADA DE LAS JOYAS,EPG,EPIGMENIO GONZALEZ FLORES,76147
505,RINCONADA DEL PACIFICO,EPG,EPIGMENIO GONZALEZ FLORES,76125
506,RINCONADA -EX HDA MENCHACA QRO,EPG,EPIGMENIO GONZALEZ FLORES,
507,RINCONADA LAS JOYAS,EPG,EPIGMENIO GONZALEZ FLORES,
508,RINCONADA SAN PABLO,EPG,EPIGMENIO GONZALEZ FLORES,
509,RIVERA Y TAMAYO,EPG,EPIGMENIO GONZALEZ FLORES,76125
510,ROJO AMANECER,EPG,EPIGMENIO GONZALEZ FLORES,76014
511,SAN ANGEL,EPG,EPIGMENIO GONZALEZ FLORES,76030
512,SAN FELIPE,EPG,EPIGMENIO GONZALEZ FLORES,76147
513,SAN JOSE EL ALTO,EPG,EPIGMENIO GONZALEZ FLORES,76147
514,"SAN JOSE EL ALTO(CCII), EJIDO",EPG,EPIGMENIO GONZALEZ FLORES,
515,"SAN JOSE EL ALTO, EJIDO",EPG,EPIGMENIO GONZALEZ FLORES,
516,SAN JUAN,EPG,EPIGMENIO GONZALEZ FLORES,
517,SAN PABLO I,EPG,EPIGMENIO GONZALEZ FLORES,76159
518,SAN PABLO I FOVISSSTE ,EPG,EPIGMENIO GONZALEZ FLORES,76125
519,SAN PABLO I FOVISSTE,EPG,EPIGMENIO GONZALEZ FLORES,
520,SAN PABLO III,EPG,EPIGMENIO GONZALEZ FLORES,
521,SAN PABLO INFONAVIT I                       ,EPG,EPIGMENIO GONZALEZ FLORES,
522,SAN PABLO INFONAVIT II               ,EPG,EPIGMENIO GONZALEZ FLORES,
523,SAN PABLO INFONAVIT III,EPG,EPIGMENIO GONZALEZ FLORES,
524,SAN PABLO INFONAVIT IV                  ,EPG,EPIGMENIO GONZALEZ FLORES,
525,SAN PABLO IV,EPG,EPIGMENIO GONZALEZ FLORES,76121
526,SAN PEDRITO,EPG,EPIGMENIO GONZALEZ FLORES,76140
527,SAN PEDRITO ECOLOGICO,EPG,EPIGMENIO GONZALEZ FLORES,76148
528,SAN PEDRITO EL ALTO,EPG,EPIGMENIO GONZALEZ FLORES,76132
529,SAN PEDRITO EL OBRAJE,EPG,EPIGMENIO GONZALEZ FLORES,76237
530,SAN PEDRITO INFONAVIT,EPG,EPIGMENIO GONZALEZ FLORES,76148
531,SAN PEDRITO LOS ARCOS,EPG,EPIGMENIO GONZALEZ FLORES,76148
532,SAN PEDRITO PENUELAS,EPG,EPIGMENIO GONZALEZ FLORES,76148
533,SAN PEDRITO PENUELAS I,EPG,EPIGMENIO GONZALEZ FLORES,76148
534,SAN PEDRITO PENUELAS II,EPG,EPIGMENIO GONZALEZ FLORES,76148
535,SAN PEDRITO PENUELAS III,EPG,EPIGMENIO GONZALEZ FLORES,76148
536,SAN PEDRITO PENUELAS IV,EPG,EPIGMENIO GONZALEZ FLORES,76148
537,SAN PEDRITO PENUELAS SECCION PORTALES,EPG,EPIGMENIO GONZALEZ FLORES,76148
538,"SAN PEDRO, HDA.",EPG,EPIGMENIO GONZALEZ FLORES,
539,SANTA FE,EPG,EPIGMENIO GONZALEZ FLORES,
540,SANTA FE ANTORCHISTAS,EPG,EPIGMENIO GONZALEZ FLORES,
541,SERGIO VILLASENOR,EPG,EPIGMENIO GONZALEZ FLORES,76125
542,SOLEI,EPG,EPIGMENIO GONZALEZ FLORES,
543,TERRAZAS DE SAN PABLO,EPG,EPIGMENIO GONZALEZ FLORES,76125
544,TERRAZAS I,EPG,EPIGMENIO GONZALEZ FLORES,
545,TERRAZAS II,EPG,EPIGMENIO GONZALEZ FLORES,
546,TERRAZAS III,EPG,EPIGMENIO GONZALEZ FLORES,
547,TLANENSE,EPG,EPIGMENIO GONZALEZ FLORES,76121
548,TORRE DE PIEDRA BUGAMBILIAS,EPG,EPIGMENIO GONZALEZ FLORES,
549,TORRE DE PIEDRA PROVIDENCIA,EPG,EPIGMENIO GONZALEZ FLORES,
550,UNIDAD CONDOMINAL LAS PLAZAS,EPG,EPIGMENIO GONZALEZ FLORES,
551,UNIDAD NACIONAL,EPG,EPIGMENIO GONZALEZ FLORES,76148
552,UNION NACIONAL,EPG,EPIGMENIO GONZALEZ FLORES,76148
553,VALLE DE SAN PABLO,EPG,EPIGMENIO GONZALEZ FLORES,
554,VALLE DE SAN PABLO I,EPG,EPIGMENIO GONZALEZ FLORES,76121
555,VALLE DE SAN PABLO II,EPG,EPIGMENIO GONZALEZ FLORES,
556,VALLES DE SAN JOSE,EPG,EPIGMENIO GONZALEZ FLORES,76147
557,VALLES DE SAN PEDRITO,EPG,EPIGMENIO GONZALEZ FLORES,76148
558,VERDANA,EPG,EPIGMENIO GONZALEZ FLORES,
559,VICTORIA POPULAR,EPG,EPIGMENIO GONZALEZ FLORES,76147
560,VIDANTA,EPG,EPIGMENIO GONZALEZ FLORES,
561,VILLA SANTA LUCIA,EPG,EPIGMENIO GONZALEZ FLORES,
562,VILLA TOLEDO,EPG,EPIGMENIO GONZALEZ FLORES,
563,VILLAS DE SAN JOSE,EPG,EPIGMENIO GONZALEZ FLORES,76147
564,VILLAS DE SANTIAGO,EPG,EPIGMENIO GONZALEZ FLORES,76148
565,VILLAS DE SANTIAGO ESTE   ,EPG,EPIGMENIO GONZALEZ FLORES,
566,VILLAS DEL PARQUE,EPG,EPIGMENIO GONZALEZ FLORES,76140
567,VILLAS DEL VERGEL,EPG,EPIGMENIO GONZALEZ FLORES,76148
568,VILLAS FONTANA,EPG,EPIGMENIO GONZALEZ FLORES,76148
569,VILLAS FONTANA I,EPG,EPIGMENIO GONZALEZ FLORES,
570,VILLAS FONTANA II,EPG,EPIGMENIO GONZALEZ FLORES,76148
571,VILLAS VISTANA,EPG,EPIGMENIO GONZALEZ FLORES,76148
572,VILLLAS DE TLAXCO (ANTES EPIGMENIO GONZALEZ),EPG,EPIGMENIO GONZALEZ FLORES,76148
573,VISTA DE SAN JOSE,EPG,EPIGMENIO GONZALEZ FLORES,76148
574,VISTANA,EPG,EPIGMENIO GONZALEZ FLORES,
575,VISTAS 2000,EPG,EPIGMENIO GONZALEZ FLORES,76140
576,VISTAS DE SAN JOSE,EPG,EPIGMENIO GONZALEZ FLORES,
577,VISTAS DE SAN PABLO,EPG,EPIGMENIO GONZALEZ FLORES,7614
578,ZONA INDUSTRIAL JURICA,EPG,EPIGMENIO GONZALEZ FLORES,
579,ZONA INDUSTRIAL SAN PEDRITO ,EPG,EPIGMENIO GONZALEZ FLORES,
580,CUITLAHUAC,EPG,EPIGMENIO GONZALEZ FLORES,76127
581,5 DE FEBRERO,FCP,FELIPE CARRILLO PUERTO,76135
582,ALBORADA,FCP,FELIPE CARRILLO PUERTO,76113
583,AMPLIACION EJIDO MODELO                           ,FCP,FELIPE CARRILLO PUERTO,
584,AMPLIACION PATRIA NUEVA,FCP,FELIPE CARRILLO PUERTO,76116
585,AMPLIACION TENOCHTITLAN,FCP,FELIPE CARRILLO PUERTO,76116
586,AMPLIACION TONATIUH,FCP,FELIPE CARRILLO PUERTO,76116
587,AMPOLLETAS,FCP,FELIPE CARRILLO PUERTO,76134
588,BALCONES DE SANTA MARIA,FCP,FELIPE CARRILLO PUERTO,76137
589,BENITO JUAREZ,FCP,FELIPE CARRILLO PUERTO,76120
590,BOSQUES DEL SOL,FCP,FELIPE CARRILLO PUERTO,76113
591,C.E.A.,FCP,FELIPE CARRILLO PUERTO,
592,CAMELINAS,FCP,FELIPE CARRILLO PUERTO,76137
593,CAMINO A MOMPANI KM. 2+500,FCP,FELIPE CARRILLO PUERTO,
594,CAMINO VECINAL DEL EJIDO SAN ANTONIO DE LA PUNTA,FCP,FELIPE CARRILLO PUERTO,
595,CAMPO MILITAR,FCP,FELIPE CARRILLO PUERTO,76137
596,CARAMBADA,FCP,FELIPE CARRILLO PUERTO,76177
597,CAROLINA,FCP,FELIPE CARRILLO PUERTO,76177
598,CARRILLO PUERTO,FCP,FELIPE CARRILLO PUERTO,76138
599,CERRO PRIETO,FCP,FELIPE CARRILLO PUERTO,76229
600,CLAVELINAS,FCP,FELIPE CARRILLO PUERTO,76138
601,CNIC-SOLIDARIDAD 90,FCP,FELIPE CARRILLO PUERTO,76134
602,COLIBRI,FCP,FELIPE CARRILLO PUERTO,
603,COLINAS DEL VALLE,FCP,FELIPE CARRILLO PUERTO,
604,COMUNIDAD SAN FRANCISCO DE LA PALMA,FCP,FELIPE CARRILLO PUERTO,
605,COND. RESIDENCIAL EL TINTERO,FCP,FELIPE CARRILLO PUERTO,
606,CONDOMINIO LA CARAMBADA,FCP,FELIPE CARRILLO PUERTO,
607,CONDOMINIO VILLA JARDIN,FCP,FELIPE CARRILLO PUERTO,
608,DEMETRIO VALLEJO,FCP,FELIPE CARRILLO PUERTO,
609,EJIDO EL GACHUPIN                                 ,FCP,FELIPE CARRILLO PUERTO,
610,EJIDO EL NABO                                     ,FCP,FELIPE CARRILLO PUERTO,
611,EJIDO EL RETABLO                                  ,FCP,FELIPE CARRILLO PUERTO,
612,EJIDO MODELO,FCP,FELIPE CARRILLO PUERTO,76177
613,"EJIDO MODELO(COL. ANAHUAC), EJIDO",FCP,FELIPE CARRILLO PUERTO,
614,EJIDO SAN PEDRO MARTIR                            ,FCP,FELIPE CARRILLO PUERTO,
615,EJIDO SANTA MARIA MAGDALENA                       ,FCP,FELIPE CARRILLO PUERTO,
616,EL  ARCO,FCP,FELIPE CARRILLO PUERTO,76024
617,EL ARCANGEL,FCP,FELIPE CARRILLO PUERTO,76133
618,EL ARCANGEL 1,FCP,FELIPE CARRILLO PUERTO,
619,EL ARCANGEL 2,FCP,FELIPE CARRILLO PUERTO,
620,EL ARCO,FCP,FELIPE CARRILLO PUERTO,
621,EL CHAMIZAL,FCP,FELIPE CARRILLO PUERTO,76137
622,EL COLIBRI,FCP,FELIPE CARRILLO PUERTO,76117
623,EL HIGO,FCP,FELIPE CARRILLO PUERTO,76138
624,EL MIRADOR,FCP,FELIPE CARRILLO PUERTO,76134
625,EL NABO,FCP,FELIPE CARRILLO PUERTO,76229
626,EL PATOL,FCP,FELIPE CARRILLO PUERTO,76227
627,EL PIE,FCP,FELIPE CARRILLO PUERTO,76229
628,EL PROGRESO,FCP,FELIPE CARRILLO PUERTO,76138
629,EL PUERTECITO,FCP,FELIPE CARRILLO PUERTO,76227
630,EL RINCON,FCP,FELIPE CARRILLO PUERTO,
631,EL ROSARIO,FCP,FELIPE CARRILLO PUERTO,76178
632,EL SILLAR,FCP,FELIPE CARRILLO PUERTO,76179
633,EL TINTERO,FCP,FELIPE CARRILLO PUERTO,76134
634,EL TINTERO ,FCP,FELIPE CARRILLO PUERTO,
635,EL TINTERO II,FCP,FELIPE CARRILLO PUERTO,76134
636,EL TRANSITO,FCP,FELIPE CARRILLO PUERTO,76227
637,EL ZAPOTE,FCP,FELIPE CARRILLO PUERTO,76229
638,ENSUENO,FCP,FELIPE CARRILLO PUERTO,76170
639,EUCALIPTOS I,FCP,FELIPE CARRILLO PUERTO,76170
640,EUCALIPTOS II,FCP,FELIPE CARRILLO PUERTO,76170
641,EUCALIPTOS III,FCP,FELIPE CARRILLO PUERTO,76170
642,EX HACIENDA LA CAPILLA                            ,FCP,FELIPE CARRILLO PUERTO,
643,EX HACIENDA SAN JUANICO,FCP,FELIPE CARRILLO PUERTO,
644,EX-HACIENDA EL TINTERO,FCP,FELIPE CARRILLO PUERTO,76134
645,FELIPE CARRILLO PUERTO                            ,FCP,FELIPE CARRILLO PUERTO,
646,FERROCARRILEROS,FCP,FELIPE CARRILLO PUERTO,76137
647,FRACC. CAMELINAS,FCP,FELIPE CARRILLO PUERTO,76116
648,FRACC. FERROCARRILES SECCION RINCONADA SANTA ANITA,FCP,FELIPE CARRILLO PUERTO,
649,FRACC. PUERTA NAVARRA,FCP,FELIPE CARRILLO PUERTO,76116
650,FRACC. RESIDENCIAL SANTA MAGDALENA,FCP,FELIPE CARRILLO PUERTO,76137
651,FRACC. RINCONADA DE ZIMAPAN,FCP,FELIPE CARRILLO PUERTO,76138
652,FRACC. SAN MIGUEL CARRILLO,FCP,FELIPE CARRILLO PUERTO,76118
653,FRACC. SANTA FE,FCP,FELIPE CARRILLO PUERTO,76930
654,FRACCIONAMIENTO BOSQUES DEL SOL,FCP,FELIPE CARRILLO PUERTO,
655,FRACCIONAMIENTO CAROLINA,FCP,FELIPE CARRILLO PUERTO,
656,FRACCIONAMIENTO CUMBRES DE JURIQUILLA             ,FCP,FELIPE CARRILLO PUERTO,
657,FRACCIONAMIENTO ENSUE?O,FCP,FELIPE CARRILLO PUERTO,
658,FRACCIONAMIENTO EX-HACIENDA EL TINTERO,FCP,FELIPE CARRILLO PUERTO,
659,FRACCIONAMIENTO HABITACIONAL SANTA MAGDALENA,FCP,FELIPE CARRILLO PUERTO,
660,FRACCIONAMIENTO HACIENDA LA GLORIA,FCP,FELIPE CARRILLO PUERTO,
661,FRACCIONAMIENTO HERMON,FCP,FELIPE CARRILLO PUERTO,
662,FRACCIONAMIENTO JARDINES DEL VALLE,FCP,FELIPE CARRILLO PUERTO,
663,FRACCIONAMIENTO LA AURORA,FCP,FELIPE CARRILLO PUERTO,
664,FRACCIONAMIENTO LA CAPILLA                        ,FCP,FELIPE CARRILLO PUERTO,
665,FRACCIONAMIENTO LA LUNA,FCP,FELIPE CARRILLO PUERTO,
666,FRACCIONAMIENTO LAS GALINDAS                      ,FCP,FELIPE CARRILLO PUERTO,
667,FRACCIONAMIENTO LOMAS SAN ANGEL                   ,FCP,FELIPE CARRILLO PUERTO,
668,FRACCIONAMIENTO LOS VI?EDOS,FCP,FELIPE CARRILLO PUERTO,
669,FRACCIONAMIENTO PLUTARCO ELIAS CALLES             ,FCP,FELIPE CARRILLO PUERTO,
670,FRACCIONAMIENTO PRADOS DE LA CAPILLA,FCP,FELIPE CARRILLO PUERTO,
671,FRACCIONAMIENTO QUINTA ALICIA,FCP,FELIPE CARRILLO PUERTO,
672,FRACCIONAMIENTO RESIDENCIAL ITALIA,FCP,FELIPE CARRILLO PUERTO,
673,FRACCIONAMIENTO RESIDENCIAL LAS FUENTES,FCP,FELIPE CARRILLO PUERTO,
674,FRACCIONAMIENTO RESIDENCIAL LOS ANGELES,FCP,FELIPE CARRILLO PUERTO,
675,FRACCIONAMIENTO SAN ANTONIO DEL MAUREL,FCP,FELIPE CARRILLO PUERTO,
676,FRACCIONAMIENTO SANTA MONICA,FCP,FELIPE CARRILLO PUERTO,
677,FRACCIONAMIENTO SANTA MONICA 2A SECCION,FCP,FELIPE CARRILLO PUERTO,
678,FRACCIONAMIENTO SANTIAGO,FCP,FELIPE CARRILLO PUERTO,
679,FRACCIONAMIENTO VILLAS DE LA CARAMBADA            ,FCP,FELIPE CARRILLO PUERTO,
680,FRACCIONAMIENTO VILLAS DE SAN ANTONIO,FCP,FELIPE CARRILLO PUERTO,
681,FRACCIONAMIETO LA AURORA COMERCIAL,FCP,FELIPE CARRILLO PUERTO,
682,FRIDA KHALO,FCP,FELIPE CARRILLO PUERTO,76170
683,GALINDAS,FCP,FELIPE CARRILLO PUERTO,76177
684,HACIENDA LA GLORIA,FCP,FELIPE CARRILLO PUERTO,76117
685,HUERTAS LA JOYA,FCP,FELIPE CARRILLO PUERTO,76137
686,INDUSTRIAL,FCP,FELIPE CARRILLO PUERTO,76130
687,JARDINES DEL VALLE,FCP,FELIPE CARRILLO PUERTO,76137
688,JOSE MARIA ARTEAGA,FCP,FELIPE CARRILLO PUERTO,76136
689,JOSE SALVADOR,FCP,FELIPE CARRILLO PUERTO,
690,JUAN DIEGO                                        ,FCP,FELIPE CARRILLO PUERTO,
691,LA AURORA,FCP,FELIPE CARRILLO PUERTO,76137
692,LA AURORA,FCP,FELIPE CARRILLO PUERTO,76200
693,LA BRENA,FCP,FELIPE CARRILLO PUERTO,76137
694,LA CAPILLA,FCP,FELIPE CARRILLO PUERTO,76170
695,LA CARAMBADA,FCP,FELIPE CARRILLO PUERTO,76177
696,LA CAROLINA,FCP,FELIPE CARRILLO PUERTO,76170
697,LA FINCA,FCP,FELIPE CARRILLO PUERTO,76137
698,LA FLORESTA,FCP,FELIPE CARRILLO PUERTO,76116
699,LA HUERTA,FCP,FELIPE CARRILLO PUERTO,76114
700,LA LUNA,FCP,FELIPE CARRILLO PUERTO,76113
701,LA MESITA,FCP,FELIPE CARRILLO PUERTO,76136
702,LA NUEVA PALMA,FCP,FELIPE CARRILLO PUERTO,76137
703,LA PURISIMA -F.C.P.,FCP,FELIPE CARRILLO PUERTO,76229
704,LA REJA,FCP,FELIPE CARRILLO PUERTO,76170
705,LA SANDIA,FCP,FELIPE CARRILLO PUERTO,76134
706,LA SIERRITA,FCP,FELIPE CARRILLO PUERTO,76137
707,LA TINAJA DE LA EST,FCP,FELIPE CARRILLO PUERTO,
708,LA TINAJA DE LA ESTANCIA,FCP,FELIPE CARRILLO PUERTO,
709,LA TOSCANA,FCP,FELIPE CARRILLO PUERTO,76177
710,LAS FLORES,FCP,FELIPE CARRILLO PUERTO,76137
711,LAS FUENTES,FCP,FELIPE CARRILLO PUERTO,76137
712,LAS HACIENDAS                                     ,FCP,FELIPE CARRILLO PUERTO,
713,LAS TERESAS,FCP,FELIPE CARRILLO PUERTO,76138
714,"LAURELES, LOS",FCP,FELIPE CARRILLO PUERTO,
715,LOS CEDROS,FCP,FELIPE CARRILLO PUERTO,76137
716,LOS LAURELES,FCP,FELIPE CARRILLO PUERTO,76139
717,LOS POCITOS,FCP,FELIPE CARRILLO PUERTO,
718,LOS TABACENTRO HISTORICOINES,FCP,FELIPE CARRILLO PUERTO,76139
719,LOS VINEDOS,FCP,FELIPE CARRILLO PUERTO,76230
720,LOS VIRREYES,FCP,FELIPE CARRILLO PUERTO,76175
721,LUIS DONALDO COLOSIO,FCP,FELIPE CARRILLO PUERTO,76138
722,"MESITA DE MOMPANI, EJIDO",FCP,FELIPE CARRILLO PUERTO,
723,MIRADOR CARRILLO PUERTO,FCP,FELIPE CARRILLO PUERTO,76138
724,MISION DEL MAYORAZGO                              ,FCP,FELIPE CARRILLO PUERTO,
725,MOMPANI,FCP,FELIPE CARRILLO PUERTO,76229
726,NUEVO CARRILLO,FCP,FELIPE CARRILLO PUERTO,76138
727,NUEVO PLAN SANTA MARIA,FCP,FELIPE CARRILLO PUERTO,76137
728,NUEVO PLAN SANTA MARIA 2DA SEC.,FCP,FELIPE CARRILLO PUERTO,76137
729,OLIVOS DEL SOL,FCP,FELIPE CARRILLO PUERTO,76134
730,PARQUE LA GLORIA,FCP,FELIPE CARRILLO PUERTO,76177
731,PARQUE LA LLAVE,FCP,FELIPE CARRILLO PUERTO,76177
732,PASEOS DE SAN MIGUEL,FCP,FELIPE CARRILLO PUERTO,76100
733,PATRIA NUEVA,FCP,FELIPE CARRILLO PUERTO,76116
734,PATRIA NUEVA                                      ,FCP,FELIPE CARRILLO PUERTO,
735,PLAN SANTA MARIA,FCP,FELIPE CARRILLO PUERTO,
736,PLUTARCO ELIAS CALLES,FCP,FELIPE CARRILLO PUERTO,76134
737,PRADOS DE LA CAPILLA,FCP,FELIPE CARRILLO PUERTO,76176
738,PRADOS DEL RINCON 2,FCP,FELIPE CARRILLO PUERTO,76113
739,PREDIO GRANJA EL CRISTO,FCP,FELIPE CARRILLO PUERTO,
740,PUERTA VERONA,FCP,FELIPE CARRILLO PUERTO,
741,PUNTA,FCP,FELIPE CARRILLO PUERTO,
742,RANCHO BELLAVISTA,FCP,FELIPE CARRILLO PUERTO,76134
743,RANCHO SAN PEDRO,FCP,FELIPE CARRILLO PUERTO,
744,RANCHO SAN PEDRO 2,FCP,FELIPE CARRILLO PUERTO,
745,RANCHO SAN PEDRO 3,FCP,FELIPE CARRILLO PUERTO,
746,RANCHO SAN PEDRO 4                                ,FCP,FELIPE CARRILLO PUERTO,
747,REAL DE MOCTEZUMA,FCP,FELIPE CARRILLO PUERTO,76137
748,RESIDENCIA CIUDAD DEL SOL,FCP,FELIPE CARRILLO PUERTO,76116
749,RESIDENCIAL FRONDOSO,FCP,FELIPE CARRILLO PUERTO,76177
750,RESIDENCIAL FUENTES,FCP,FELIPE CARRILLO PUERTO,76137
751,RESIDENCIAL ITALIA,FCP,FELIPE CARRILLO PUERTO,76131
752,RESIDENCIAL TINTERO,FCP,FELIPE CARRILLO PUERTO,76137
753,RINCONADA LA CAPILLA,FCP,FELIPE CARRILLO PUERTO,76177
754,RINCONADA SANTA ANITA,FCP,FELIPE CARRILLO PUERTO,76137
755,RINCONADA STA. ANITA,FCP,FELIPE CARRILLO PUERTO,76137
756,SAN ANTONIO,FCP,FELIPE CARRILLO PUERTO,76144
757,SAN ANTONIO DE LA PUNTA,FCP,FELIPE CARRILLO PUERTO,76135
758,SAN ANTONIO DEL MAUREL,FCP,FELIPE CARRILLO PUERTO,76137
759,SAN DIEGO,FCP,FELIPE CARRILLO PUERTO,76139
760,SAN FRANCISCO DE LA PALMA,FCP,FELIPE CARRILLO PUERTO,76229
761,SAN JOSE,FCP,FELIPE CARRILLO PUERTO,76139
762,SAN JOSE 2DA. SEC.,FCP,FELIPE CARRILLO PUERTO,76139
763,SAN JOSE 3RA. SEC.,FCP,FELIPE CARRILLO PUERTO,76139
764,SAN JOSE DE LA TINAJA,FCP,FELIPE CARRILLO PUERTO,76227
765,SAN MARCOS,FCP,FELIPE CARRILLO PUERTO,76117
766,"SAN MIGUEL CARRILLO, PARCELA C",FCP,FELIPE CARRILLO PUERTO,
767,SAN SEBASTIAN,FCP,FELIPE CARRILLO PUERTO,76134
768,SANTA ISABEL,FCP,FELIPE CARRILLO PUERTO,76117
769,SANTA MARIA  LOS REYES,FCP,FELIPE CARRILLO PUERTO,76137
770,SANTA MARIA EL ZAPOTE,FCP,FELIPE CARRILLO PUERTO,76230
771,SANTA MARIA MAGDALENA,FCP,FELIPE CARRILLO PUERTO,76137
772,SANTA MARIA MAGDALENA II SAN SEBASTIAN,FCP,FELIPE CARRILLO PUERTO,
773,SANTA MONICA,FCP,FELIPE CARRILLO PUERTO,76138
774,SANTA MONICA 2DA. SECCION,FCP,FELIPE CARRILLO PUERTO,76168
775,SANTIAGO,FCP,FELIPE CARRILLO PUERTO,76179
776,SANTO NINO,FCP,FELIPE CARRILLO PUERTO,76136
777,SANTO NINO PRAGA,FCP,FELIPE CARRILLO PUERTO,76137
778,SECTOR INQUILINARIO,FCP,FELIPE CARRILLO PUERTO,76138
779,SOLIDARIDAD,FCP,FELIPE CARRILLO PUERTO,76134
780,SONTERRA                                          ,FCP,FELIPE CARRILLO PUERTO,
781,STA FE,FCP,FELIPE CARRILLO PUERTO,76930
782,STA MARIA EL ZAPOTE,FCP,FELIPE CARRILLO PUERTO,
783,TABACHINES,FCP,FELIPE CARRILLO PUERTO,
784,TENOCHTITLAN,FCP,FELIPE CARRILLO PUERTO,76116
785,TINAJA DE LA ESTANCIA,FCP,FELIPE CARRILLO PUERTO,76229
786,TLACOTE EL ALTO,FCP,FELIPE CARRILLO PUERTO,76229
787,TLACOTE EL BAJO,FCP,FELIPE CARRILLO PUERTO,76229
788,TONATIUH,FCP,FELIPE CARRILLO PUERTO,76134
789,TONATIUH II,FCP,FELIPE CARRILLO PUERTO,76113
790,TONATIUH III,FCP,FELIPE CARRILLO PUERTO,76113
791,TONATIUH IV,FCP,FELIPE CARRILLO PUERTO,76113
792,TRES CANTOS                                       ,FCP,FELIPE CARRILLO PUERTO,
793,UNIDAD HABITACIONAL JOSE MARIA ARTEAGA            ,FCP,FELIPE CARRILLO PUERTO,
794,VALLE DE SAN PEDRO,FCP,FELIPE CARRILLO PUERTO,76117
795,VALLE DE SAN PEDRO I                              ,FCP,FELIPE CARRILLO PUERTO,
796,VALLE DE SAN PEDRO II,FCP,FELIPE CARRILLO PUERTO,
797,VALLE DEL MEZQUITAL,FCP,FELIPE CARRILLO PUERTO,76137
798,VALLE ENCANTADO,FCP,FELIPE CARRILLO PUERTO,
799,VALLE REAL DE SAN ANGEL,FCP,FELIPE CARRILLO PUERTO,
800,VENEZZIANO                                        ,FCP,FELIPE CARRILLO PUERTO,
801,VILLA LAS ARBOLEDAS,FCP,FELIPE CARRILLO PUERTO,
802,VILLAS  ARBOLEDAS,FCP,FELIPE CARRILLO PUERTO,76178
803,VILLAS DE SAN ANTONIO,FCP,FELIPE CARRILLO PUERTO,76170
804,VILLAS DE SANTA MONICA,FCP,FELIPE CARRILLO PUERTO,76138
805,VINEDO,FCP,FELIPE CARRILLO PUERTO,76230
806,VIRREYES,FCP,FELIPE CARRILLO PUERTO,76177
807,ZAPOTE EL ALTO,FCP,FELIPE CARRILLO PUERTO,
808,ZONA INDUSTRIAL CARRILLO PUERTO                   ,FCP,FELIPE CARRILLO PUERTO,76134
809,LA LOMA  IX,FCP,FELIX OSORES SOTOMAYOR,76113
810,LA LOMA IX,FOS,FELIPE CARRILLO PUERTO,76000
811,10 DE ABRIL I,FOS,FELIX OSORES SOTOMAYOR,76118
812,15 DE MAYO,FOS,FELIX OSORES SOTOMAYOR,76118
813,25  DE DICIEMBRE,FOS,FELIX OSORES SOTOMAYOR,76118
814,5 DE FEBRERO,FOS,FELIX OSORES SOTOMAYOR,76118
815,ALAMOS (SECC. ARCOS),FOS,FELIX OSORES SOTOMAYOR,76148
816,AMPLIACION JURICA LA CAMPANA                      ,FOS,FELIX OSORES SOTOMAYOR,
817,AMPLIACION LOMA BONITA,FOS,FELIX OSORES SOTOMAYOR,
818,ANDALUCIA SECCION SEVILLA,FOS,FELIX OSORES SOTOMAYOR,76040
819,ARTES,FOS,FELIX OSORES SOTOMAYOR,
820,BARRIO LAS CRUCES (HERCULES),FOS,FELIX OSORES SOTOMAYOR,
821,BARRIO SAN MIGUEL,FOS,FELIX OSORES SOTOMAYOR,
822,BENITO JUAREZ,FOS,FELIX OSORES SOTOMAYOR,76116
823,BORDO DE ZITUNI,FOS,FELIX OSORES SOTOMAYOR,
824,BUENAVISTA E PIE DE GALLO,FOS,FELIX OSORES SOTOMAYOR,
825,CENTENARIO COMEVI,FOS,FELIX OSORES SOTOMAYOR,76117
826,CENTRAL CAMIONERA,FOS,FELIX OSORES SOTOMAYOR,
827,CENTRO HISTORICO LA VISTA,FOS,FELIX OSORES SOTOMAYOR,76118
828,CERRITO COLORADO,FOS,FELIX OSORES SOTOMAYOR,76116
829,CERRITO COLORADO  III,FOS,FELIX OSORES SOTOMAYOR,76118
830,CERRITO COLORADO  IV,FOS,FELIX OSORES SOTOMAYOR,76116
831,CERRITO COLORADO COMEVI                           ,FOS,FELIX OSORES SOTOMAYOR,
832,CERRITO COLORADO II,FOS,FELIX OSORES SOTOMAYOR,76116
833,CHE GUEVARA,FOS,FELIX OSORES SOTOMAYOR,76113
834,CHE GUEVARA (AXAYACALT),FOS,FELIX OSORES SOTOMAYOR,
835,CHULA VISTA,FOS,FELIX OSORES SOTOMAYOR,76116
836,CIUDAD DEL SOL,FOS,FELIX OSORES SOTOMAYOR,76116
837,CIUDAD DEL SOL DESARROLLO HABITACIONAL Y COMERCIAL,FOS,FELIX OSORES SOTOMAYOR,
838,CIUDAD DEL SOL RESIDENCIAL,FOS,FELIX OSORES SOTOMAYOR,76113
839,CIUDAD INDUSTRIAL BENITO JUAREZ AMPLIACION JURICA ,FOS,FELIX OSORES SOTOMAYOR,
840,CIUDAD SATELITE,FOS,FELIX OSORES SOTOMAYOR,76130
841,CLINICA MEDICA DEL VALLE,FOS,FELIX OSORES SOTOMAYOR,
842,COLINAS DE SANTA CRUZ,FOS,FELIX OSORES SOTOMAYOR,
843,COLINAS DE SANTA CRUZ I,FOS,FELIX OSORES SOTOMAYOR,76117
844,COLINAS DE SANTA CRUZ II,FOS,FELIX OSORES SOTOMAYOR,76117
845,COLINAS DE SANTA CRUZ III         ,FOS,FELIX OSORES SOTOMAYOR,
846,COLINAS DE STA. CRUZ 2DA. SECC.,FOS,FELIX OSORES SOTOMAYOR,76117
847,COLINAS DEL BOSQUE,FOS,FELIX OSORES SOTOMAYOR,76117
848,COLINAS DEL PONIENTE,FOS,FELIX OSORES SOTOMAYOR,76116
849,COND COLONIAL SAN PABLO,FOS,FELIX OSORES SOTOMAYOR,
850,COND HABITACIONAL LOS NARANJOS,FOS,FELIX OSORES SOTOMAYOR,
851,COND HORIZ VILLA DORADA QRO,FOS,FELIX OSORES SOTOMAYOR,
852,COND IND MICRO ALMACENAJE QRO,FOS,FELIX OSORES SOTOMAYOR,
853,COND LOMAS ALTAS 2DA SECC QRO,FOS,FELIX OSORES SOTOMAYOR,
854,COND LOMAS ALTAS 3RA SECC QRO,FOS,FELIX OSORES SOTOMAYOR,
855,COND. EL PORVENIR LAS PENITAS,FOS,FELIX OSORES SOTOMAYOR,
856,CONDOMINIO FRONDOSO,FOS,FELIX OSORES SOTOMAYOR,
857,CONDOMINIO GALLEGOS,FOS,FELIX OSORES SOTOMAYOR,
858,CONDOMINIO GUICEL,FOS,FELIX OSORES SOTOMAYOR,
859,CONDOMINIO LA RAYA,FOS,FELIX OSORES SOTOMAYOR,
860,CONDOMINIO MEGA PLAZA,FOS,FELIX OSORES SOTOMAYOR,
861,CONDOMINIO MONTECARLO QRO,FOS,FELIX OSORES SOTOMAYOR,
862,CONDOMINIO NOCHEBUENA QRO,FOS,FELIX OSORES SOTOMAYOR,
863,CONDOMINIO PLAZA DEL RIO,FOS,FELIX OSORES SOTOMAYOR,
864,CONDOMINIO PRIMAVERA,FOS,FELIX OSORES SOTOMAYOR,
865,CONDOMINIO PRIVADA ARBOLEDAS                      ,FOS,FELIX OSORES SOTOMAYOR,
866,CONDOMINIO SIERRA COLORADA,FOS,FELIX OSORES SOTOMAYOR,
867,CONJUNTO PRIMAVERA,FOS,FELIX OSORES SOTOMAYOR,
868,CUMBRES DE CONIN,FOS,FELIX OSORES SOTOMAYOR,
869,DESARROLLO FAMILIAR,FOS,FELIX OSORES SOTOMAYOR,76117
870,DON MANUEL,FOS,FELIX OSORES SOTOMAYOR,76114
871,EDUARDO LOARCA CASTILLO,FOS,FELIX OSORES SOTOMAYOR,76118
872,EDUARDO LOARCA CASTILLO 2A ETAPA,FOS,FELIX OSORES SOTOMAYOR,
873,EDUARDO LOARCA CASTILLO 3A ETAPA                  ,FOS,FELIX OSORES SOTOMAYOR,
874,EDUARDO LOARCA CASTILLO 4A ETAPA,FOS,FELIX OSORES SOTOMAYOR,
875,EJIDO JURICA                                      ,FOS,FELIX OSORES SOTOMAYOR,
876,EJIDO SAN ANTONIO DE LA PUNTA                     ,FOS,FELIX OSORES SOTOMAYOR,
877,EJIDO SAN MIGUEL CARRILLO                         ,FOS,FELIX OSORES SOTOMAYOR,
878,EL BOSQUE (AMPLIACION),FOS,FELIX OSORES SOTOMAYOR,
879,EL CIELO DE QUERETARO,FOS,FELIX OSORES SOTOMAYOR,
880,EL GARAMBULLO,FOS,FELIX OSORES SOTOMAYOR,76115
881,"EL LAUREL, COND.",FOS,FELIX OSORES SOTOMAYOR,
882,EL RINCON EXHDA. SAN PEDRO MAR,FOS,FELIX OSORES SOTOMAYOR,
883,EL ROCIO,FOS,FELIX OSORES SOTOMAYOR,76114
884,EL ROCIO  I,FOS,FELIX OSORES SOTOMAYOR,76114
885,EL ROCIO II,FOS,FELIX OSORES SOTOMAYOR,76114
886,EL ROMERILLAL,FOS,FELIX OSORES SOTOMAYOR,76118
887,EL ROMERILLAL  I,FOS,FELIX OSORES SOTOMAYOR,76118
888,EL ROMERILLAL  II,FOS,FELIX OSORES SOTOMAYOR,76118
889,EL ROMERILLAL  III,FOS,FELIX OSORES SOTOMAYOR,76118
890,EL ROMERILLAL  IV,FOS,FELIX OSORES SOTOMAYOR,76118
891,EL ROMERILLAL EJIDO SAN MIGUEL CARRILLO           ,FOS,FELIX OSORES SOTOMAYOR,
892,EL SOL,FOS,FELIX OSORES SOTOMAYOR,76113
893,EL TEPEYAC                                        ,FOS,FELIX OSORES SOTOMAYOR,
894,EX HACIENDA SANTANA,FOS,FELIX OSORES SOTOMAYOR,76116
895,EX-HACIENDA DE TLACOTE,FOS,FELIX OSORES SOTOMAYOR,
896,EXHACIENDA SANTANA CUMBRES,FOS,FELIX OSORES SOTOMAYOR,76118
897,EXHACIENDA SANTANA VISTA DEL VALLE,FOS,FELIX OSORES SOTOMAYOR,76118
898,FERNANDO DE TAPIA,FOS,FELIX OSORES SOTOMAYOR,76118
899,FRACC. EDUARDO LOARCA,FOS,FELIX OSORES SOTOMAYOR,76118
900,FRACC. MISION CARRILLO,FOS,FELIX OSORES SOTOMAYOR,76115
901,FRACC. SAN MIGUEL 2A. ETAPA,FOS,FELIX OSORES SOTOMAYOR,76116
902,FRACC. TECNOLOGICO,FOS,FELIX OSORES SOTOMAYOR,
903,FRACCIONAMIENTO ARCADA DEL SOL,FOS,FELIX OSORES SOTOMAYOR,
904,FRACCIONAMIENTO EL CARMEN,FOS,FELIX OSORES SOTOMAYOR,
905,FRACCIONAMIENTO GEOPLAZAS II                      ,FOS,FELIX OSORES SOTOMAYOR,
906,FRACCIONAMIENTO HACIENDA SAN MIGUEL,FOS,FELIX OSORES SOTOMAYOR,
907,FRACCIONAMIENTO JURICA LA SOLANA II               ,FOS,FELIX OSORES SOTOMAYOR,
908,FRACCIONAMIENTO LA HUERTA,FOS,FELIX OSORES SOTOMAYOR,
909,FRACCIONAMIENTO MISION DE CARRILLO,FOS,FELIX OSORES SOTOMAYOR,
910,FRACCIONAMIENTO PASEOS DEL SOL,FOS,FELIX OSORES SOTOMAYOR,
911,FRACCIONAMIENTO PUERTAS DE SAN MIGUEL             ,FOS,FELIX OSORES SOTOMAYOR,
912,FRACCIONAMIENTO REAL DE SAN MIGUEL,FOS,FELIX OSORES SOTOMAYOR,
913,FRACCIONAMIENTO SAN MIGUEL,FOS,FELIX OSORES SOTOMAYOR,
914,FRACCIONAMIENTO VALLE DE JURIQUILLA,FOS,FELIX OSORES SOTOMAYOR,
915,FRANCISCO JAVIER MINA,FOS,FELIX OSORES SOTOMAYOR,76117
916,FRANCISCO VILLA   I,FOS,FELIX OSORES SOTOMAYOR,76118
917,FRANCISCO VILLA I,FOS,FELIX OSORES SOTOMAYOR,
918,FRANCISCO VILLA II,FOS,FELIX OSORES SOTOMAYOR,76118
919,FRENTE URBANO QUERETANO,FOS,FELIX OSORES SOTOMAYOR,
920,FUNDADORES,FOS,FELIX OSORES SOTOMAYOR,76117
921,FUNDADORES I,FOS,FELIX OSORES SOTOMAYOR,76117
922,FUNDADORES II,FOS,FELIX OSORES SOTOMAYOR,76117
923,FUNDADORES III                                    ,FOS,FELIX OSORES SOTOMAYOR,
924,FUNDADORES III ETAPA 2                            ,FOS,FELIX OSORES SOTOMAYOR,
925,FUNDADORES III Y IV,FOS,FELIX OSORES SOTOMAYOR,76117
926,GEO VILLAS,FOS,FELIX OSORES SOTOMAYOR,76116
927,GEOPLAZAS,FOS,FELIX OSORES SOTOMAYOR,76116
928,GEOPLAZAS VILLAS I Y II,FOS,FELIX OSORES SOTOMAYOR,76116
929,GOBERNADORES,FOS,FELIX OSORES SOTOMAYOR,76100
930,GOBERNANTES                                       ,FOS,FELIX OSORES SOTOMAYOR,
931,HIDALGO - FELIX OSORES SOTOMAYOR,FOS,FELIX OSORES SOTOMAYOR,76057
932,HUERTO SAN MIGUEL,FOS,FELIX OSORES SOTOMAYOR,
933,INDEPENDENCIA,FOS,FELIX OSORES SOTOMAYOR,76118
934,INDUSTRIAL LA NORIA,FOS,FELIX OSORES SOTOMAYOR,
935,INSURGENTES,FOS,FELIX OSORES SOTOMAYOR,76117
936,INSURGENTES I Y II,FOS,FELIX OSORES SOTOMAYOR,76117
937,INSURGENTES III,FOS,FELIX OSORES SOTOMAYOR,76117
938,JARDINES,FOS,FELIX OSORES SOTOMAYOR,76117
939,JARDINES DE AZUCENAS,FOS,FELIX OSORES SOTOMAYOR,76116
940,JARDINES DE JURICA,FOS,FELIX OSORES SOTOMAYOR,76118
941,JARDINES DEL SOL,FOS,FELIX OSORES SOTOMAYOR,76114
942,JOSEFA ORTIZ DE DOMINGUEZ,FOS,FELIX OSORES SOTOMAYOR,76110
943,JOSEFA ORTIZ DE DOMINGUEZ II,FOS,FELIX OSORES SOTOMAYOR,76110
944,JOSEFA ORTIZ DE DOMINGUEZ III,FOS,FELIX OSORES SOTOMAYOR,76110
945,JOSEFA ORTIZ DE DOMINGUEZ IV,FOS,FELIX OSORES SOTOMAYOR,76110
946,JUAN DIEGO                                        ,FOS,FELIX OSORES SOTOMAYOR,
947,JURICA                                            ,FOS,FELIX OSORES SOTOMAYOR,
948,JURICA - CENTRO,FOS,FELIX OSORES SOTOMAYOR,76100
949,JURICA  RESIDENCIAL,FOS,FELIX OSORES SOTOMAYOR,76100
950,JURICA - SECC. LA CAMPANA,FOS,FELIX OSORES SOTOMAYOR,76100
951,JURICA CAMPESTRE                                  ,FOS,FELIX OSORES SOTOMAYOR,
952,JURICA EJIDO,FOS,FELIX OSORES SOTOMAYOR,76100
953,JURICA EL PAISANO,FOS,FELIX OSORES SOTOMAYOR,
954,JURICA LA MESA,FOS,FELIX OSORES SOTOMAYOR,
955,JURICA PINAR,FOS,FELIX OSORES SOTOMAYOR,
956,JURICA PUEBLO                                     ,FOS,FELIX OSORES SOTOMAYOR,
957,JURICA SANTA MARIA,FOS,FELIX OSORES SOTOMAYOR,
958,JURICA- SECC. GOBERNANTES,FOS,FELIX OSORES SOTOMAYOR,76100
959,LA  CAMPANA,FOS,FELIX OSORES SOTOMAYOR,76100
960,LA CUADRILLA 1A SEC ,FOS,FELIX OSORES SOTOMAYOR,
961,LA CUADRILLA 2A SECC QUERETARO,FOS,FELIX OSORES SOTOMAYOR,
962,LA ESMERALDA,FOS,FELIX OSORES SOTOMAYOR,76100
963,LA INDUSTRIAL,FOS,FELIX OSORES SOTOMAYOR,76130
964,LA LOMA,FOS,FELIX OSORES SOTOMAYOR,76168
965,LA LOMA  I,FOS,FELIX OSORES SOTOMAYOR,76113
966,LA LOMA  II,FOS,FELIX OSORES SOTOMAYOR,76113
967,LA LOMA  III,FOS,FELIX OSORES SOTOMAYOR,76113
968,LA LOMA  IV,FOS,FELIX OSORES SOTOMAYOR,76113
969,LA LOMA  V,FOS,FELIX OSORES SOTOMAYOR,76113
970,LA LOMA  VI,FOS,FELIX OSORES SOTOMAYOR,76113
971,LA LOMA  VII,FOS,FELIX OSORES SOTOMAYOR,76113
972,LA LOMA  VIII,FOS,FELIX OSORES SOTOMAYOR,76113
973,LA MESA R AGRARIA RADICAL,FOS,FELIX OSORES SOTOMAYOR,
974,LA OBRERA,FOS,FELIX OSORES SOTOMAYOR,76130
975,LA PENA,FOS,FELIX OSORES SOTOMAYOR,76116
976,LA PROVIDENCIA,FOS,FELIX OSORES SOTOMAYOR,
977,LA RESERVA VALLE DE JURIQUILLA                    ,FOS,FELIX OSORES SOTOMAYOR,
978,LA RICA,FOS,FELIX OSORES SOTOMAYOR,
979,LADERAS DE LAS FLORES,FOS,FELIX OSORES SOTOMAYOR,76117
980,LADERAS DE SAN PEDRO,FOS,FELIX OSORES SOTOMAYOR,76117
981,LAS AZUCENAS,FOS,FELIX OSORES SOTOMAYOR,76116
982,LAS DELICIAS,FOS,FELIX OSORES SOTOMAYOR,
983,LAS FLORES,FOS,FELIX OSORES SOTOMAYOR,76137
984,LAS FUENTES,FOS,FELIX OSORES SOTOMAYOR,76110
985,LAS QUINTAS,FOS,FELIX OSORES SOTOMAYOR,76100
986,LAZTANA I                                         ,FOS,FELIX OSORES SOTOMAYOR,
987,LOMA BONITA,FOS,FELIX OSORES SOTOMAYOR,76049
988,LOMA BONITA 2A. SECC.,FOS,FELIX OSORES SOTOMAYOR,
989,LOMA REAL,FOS,FELIX OSORES SOTOMAYOR,76118
990,LOMA VII,FOS,FELIX OSORES SOTOMAYOR,
991,LOMAS DE SATELITE,FOS,FELIX OSORES SOTOMAYOR,76115
992,LOMAS DEL CARMEN,FOS,FELIX OSORES SOTOMAYOR,76114
993,LOMAS SAN ANGEL,FOS,FELIX OSORES SOTOMAYOR,76118
994,LOS DURAZNOS,FOS,FELIX OSORES SOTOMAYOR,76177
995,LOS EUCALIPTOS II,FOS,FELIX OSORES SOTOMAYOR,
996,LOS FRESNOS,FOS,FELIX OSORES SOTOMAYOR,76177
997,LOS MANZANOS,FOS,FELIX OSORES SOTOMAYOR,76116
998,LOS PIRULES,FOS,FELIX OSORES SOTOMAYOR,
999,LOS SAUCES                                        ,FOS,FELIX OSORES SOTOMAYOR,
1000,LOS VAZQUEZ,FOS,FELIX OSORES SOTOMAYOR,
1001,LUIS DONALDO COLOSIO,FOS,FELIX OSORES SOTOMAYOR,76118
1002,MAGISTERIAL (22 DE SEPTIEMBRE),FOS,FELIX OSORES SOTOMAYOR,
1003,MANUEL GOMEZ MORIN                                ,FOS,FELIX OSORES SOTOMAYOR,
1004,MARGARITAS,FOS,FELIX OSORES SOTOMAYOR,
1005,MED 100,FOS,FELIX OSORES SOTOMAYOR,
1006,MIGUEL HIDALGO,FOS,FELIX OSORES SOTOMAYOR,76116
1007,MISION CARRILLO,FOS,FELIX OSORES SOTOMAYOR,76118
1008,MISION DE CARRILLO II                             ,FOS,FELIX OSORES SOTOMAYOR,
1009,MISION DE JURICA,FOS,FELIX OSORES SOTOMAYOR,76100
1010,MISION FUNDADORES,FOS,FELIX OSORES SOTOMAYOR,
1011,MISION FUNDADORES   I,FOS,FELIX OSORES SOTOMAYOR,76117
1012,MISION FUNDADORES   II,FOS,FELIX OSORES SOTOMAYOR,76117
1013,MISION FUNDADORES   III,FOS,FELIX OSORES SOTOMAYOR,76117
1014,MORELOS,FOS,FELIX OSORES SOTOMAYOR,76118
1015,MURANO,FOS,FELIX OSORES SOTOMAYOR,
1016,NUEVO PLAN SANTA MARIA II                         ,FOS,FELIX OSORES SOTOMAYOR,
1017,PARAISO  I,FOS,FELIX OSORES SOTOMAYOR,76113
1018,PARAISO  II,FOS,FELIX OSORES SOTOMAYOR,76113
1019,PARQUE SANTIAGO,FOS,FELIX OSORES SOTOMAYOR,76118
1020,PASEOS DE SAN MIGUEL II,FOS,FELIX OSORES SOTOMAYOR,76100
1021,PEDREGAL DE BUENOS AIRES,FOS,FELIX OSORES SOTOMAYOR,76117
1022,PENA COLORADA,FOS,FELIX OSORES SOTOMAYOR,
1023,PLAZA DEL PARQUE QUERETARO,FOS,FELIX OSORES SOTOMAYOR,
1024,PLAZA OFERTAS SATELITE,FOS,FELIX OSORES SOTOMAYOR,
1025,PRADOS DE LOMA BONITA,FOS,FELIX OSORES SOTOMAYOR,76116
1026,PRADOS DEL RINCON,FOS,FELIX OSORES SOTOMAYOR,76113
1027,PUERTA DEL SOL,FOS,FELIX OSORES SOTOMAYOR,76114
1028,PUERTA NAVARRA,FOS,FELIX OSORES SOTOMAYOR,76118
1029,PUERTAS  DEL SOL,FOS,FELIX OSORES SOTOMAYOR,76114
1030,PUERTAS DEL SAN MIGUEL JUNCO,FOS,FELIX OSORES SOTOMAYOR,76118
1031,PUERTAS DEL SOL I,FOS,FELIX OSORES SOTOMAYOR,
1032,PUERTAS DEL SOL II                                ,FOS,FELIX OSORES SOTOMAYOR,
1033,PUESTA DEL SOL 8,FOS,FELIX OSORES SOTOMAYOR,
1034,PUESTA DEL SOL 9,FOS,FELIX OSORES SOTOMAYOR,
1035,QRONOS,FOS,FELIX OSORES SOTOMAYOR,
1036,QUERENA,FOS,FELIX OSORES SOTOMAYOR,76118
1037,RANCHO  SAN PEDRO,FOS,FELIX OSORES SOTOMAYOR,76117
1038,RANCHO CERRITO COLORADO,FOS,FELIX OSORES SOTOMAYOR,
1039,REAL DE SAN PEDRO,FOS,FELIX OSORES SOTOMAYOR,76116
1040,REAL DEL MARQUES,FOS,FELIX OSORES SOTOMAYOR,76200
1041,RECOLECTORES,FOS,FELIX OSORES SOTOMAYOR,
1042,RETABLO PARCELA,FOS,FELIX OSORES SOTOMAYOR,
1043,"RETABLO,  QUERETARO",FOS,FELIX OSORES SOTOMAYOR,
1044,REVOLUCION,FOS,FELIX OSORES SOTOMAYOR,76116
1045,RINCON CAMPESTRE,FOS,FELIX OSORES SOTOMAYOR,
1046,RINCONADA DE SAN PEDRO MARTIR,FOS,FELIX OSORES SOTOMAYOR,76117
1047,RINCONADA DEL SOL,FOS,FELIX OSORES SOTOMAYOR,76113
1048,ROMERILLAL,FOS,FELIX OSORES SOTOMAYOR,76118
1049,ROSENDO SALAZAR,FOS,FELIX OSORES SOTOMAYOR,76118
1050,ROSENDO SALAZAR   I,FOS,FELIX OSORES SOTOMAYOR,76118
1051,ROSENDO SALAZAR   II,FOS,FELIX OSORES SOTOMAYOR,76118
1052,ROSENDO SALAZAR   III,FOS,FELIX OSORES SOTOMAYOR,76118
1053,RUBEN JARAMILLO,FOS,FELIX OSORES SOTOMAYOR,76117
1054,SAN MARCOS  I,FOS,FELIX OSORES SOTOMAYOR,76118
1055,SAN MARCOS II,FOS,FELIX OSORES SOTOMAYOR,
1056,SAN MIGUEL,FOS,FELIX OSORES SOTOMAYOR,
1057,SAN MIGUEL CARRILLO,FOS,FELIX OSORES SOTOMAYOR,
1058,SAN MIGUEL II,FOS,FELIX OSORES SOTOMAYOR,76130
1059,SAN PEDRO MARTIR,FOS,FELIX OSORES SOTOMAYOR,76200
1060,SAN PEDRO MARTIR -COMEVI,FOS,FELIX OSORES SOTOMAYOR,76117
1061,SAN PEDRO MARTIR PUEBLO,FOS,FELIX OSORES SOTOMAYOR,76117
1062,SATELITE,FOS,FELIX OSORES SOTOMAYOR,76110
1063,SATELITE CONJ. HABIT. CASCADA,FOS,FELIX OSORES SOTOMAYOR,76110
1064,SATELITE FOVISSSTE,FOS,FELIX OSORES SOTOMAYOR,
1065,SATELITE II                                       ,FOS,FELIX OSORES SOTOMAYOR,
1066,SATELITE SECC. ANDADORES,FOS,FELIX OSORES SOTOMAYOR,76100
1067,SATELITE SECC. CONDOMINIOS,FOS,FELIX OSORES SOTOMAYOR,76110
1068,SATELITE SECCION COSMOS,FOS,FELIX OSORES SOTOMAYOR,76110
1069,"SATELITE, AMPL.",FOS,FELIX OSORES SOTOMAYOR,
1070,SAUCES,FOS,FELIX OSORES SOTOMAYOR,76114
1071,SAUCES  I,FOS,FELIX OSORES SOTOMAYOR,76114
1072,SAUCES  II,FOS,FELIX OSORES SOTOMAYOR,76114
1073,SAUCES  III,FOS,FELIX OSORES SOTOMAYOR,76114
1074,SEGUNDA DE HIDALGO,FOS,FELIX OSORES SOTOMAYOR,
1075,"SEMINARIO, CONJUNTO",FOS,FELIX OSORES SOTOMAYOR,
1076,SIERRA COLORADA,FOS,FELIX OSORES SOTOMAYOR,76116
1077,TEJEDA QUERETARO,FOS,FELIX OSORES SOTOMAYOR,
1078,TEOTIHUACAN  I,FOS,FELIX OSORES SOTOMAYOR,76116
1079,TEOTIHUACAN III,FOS,FELIX OSORES SOTOMAYOR,
1080,TEOTIHUCAN   II,FOS,FELIX OSORES SOTOMAYOR,76116
1081,TEPEYEC,FOS,FELIX OSORES SOTOMAYOR,76116
1082,TRES CANTOS RESIDENCIAL,FOS,FELIX OSORES SOTOMAYOR,76235
1083,UNIDAD CIUDAD SATELITE II,FOS,FELIX OSORES SOTOMAYOR,
1084,UNIDAD CONDOMINAL RINCONADA DE LOS ALAMOS,FOS,FELIX OSORES SOTOMAYOR,
1085,UNIDAD HABITACIONAL FOVISSSTE,FOS,FELIX OSORES SOTOMAYOR,
1086,VALLE COMERCIAL                                   ,FOS,FELIX OSORES SOTOMAYOR,
1087,VALLE DE JURIQUILLA II,FOS,FELIX OSORES SOTOMAYOR,
1088,VALLE DE SANTIAGO,FOS,FELIX OSORES SOTOMAYOR,76116
1089,VALLE REAL SAN MIGUEL,FOS,FELIX OSORES SOTOMAYOR,76116
1090,VILLA CAYETANO RUBIO,FOS,FELIX OSORES SOTOMAYOR,
1091,VILLAS DE GUADALUPE,FOS,FELIX OSORES SOTOMAYOR,76116
1092,VILLAS DE GUADALUPE II,FOS,FELIX OSORES SOTOMAYOR,76116
1093,VILLAS DE SAN MIGUEL,FOS,FELIX OSORES SOTOMAYOR,76118
1094,VILLAS LAS HADAS,FOS,FELIX OSORES SOTOMAYOR,
1095,VISTAS DEL VALLE,FOS,FELIX OSORES SOTOMAYOR,
1096,VIVEROS LAS ROSAS,FOS,FELIX OSORES SOTOMAYOR,
1097,ZONA INDUSTRIAL BENITO JUAREZ                     ,FOS,FELIX OSORES SOTOMAYOR,
1098,22 DE SEPTIEMBRE,JVH,JOSEFA VERGARA Y HERNANDEZ,
1099,ALTOS DEL CIMATARIO,JVH,JOSEFA VERGARA Y HERNANDEZ,76085
1100,AMPLIACION JARDINES DEL CIMATARIO,JVH,JOSEFA VERGARA Y HERNANDEZ,76087
1101,ARTE MEXICANO,JVH,JOSEFA VERGARA Y HERNANDEZ,76085
1102,AZTECA,JVH,JOSEFA VERGARA Y HERNANDEZ,76085
1103,AZTECA III,JVH,JOSEFA VERGARA Y HERNANDEZ,
1104,BALAUSTRADAS,JVH,JOSEFA VERGARA Y HERNANDEZ,76079
1105,BELLAVISTA,JVH,JOSEFA VERGARA Y HERNANDEZ,76080
1106,BOSQUES DE LAS LOMAS,JVH,JOSEFA VERGARA Y HERNANDEZ,76087
1107,BOSQUES DE QUERETARO                              ,JVH,JOSEFA VERGARA Y HERNANDEZ,76087
1108,BOSQUES DE QUERETARO II,JVH,JOSEFA VERGARA Y HERNANDEZ,76087
1109,BOSQUES DEL CIMATARIO,JVH,JOSEFA VERGARA Y HERNANDEZ,76087
1110,BOSQUES DEL CIMATARIO 1A,JVH,JOSEFA VERGARA Y HERNANDEZ,76087
1111,BOSQUES DEL CIMATARIO 2DA,JVH,JOSEFA VERGARA Y HERNANDEZ,76087
1112,BOSQUES DEL CIMATARIO DE QUERETARO,JVH,JOSEFA VERGARA Y HERNANDEZ,76087
1113,BOSQUES DEL CIMATARIO I,JVH,JOSEFA VERGARA Y HERNANDEZ,
1114,BOSQUES DEL CIMATARIO II,JVH,JOSEFA VERGARA Y HERNANDEZ,
1115,BUROCRATA,JVH,JOSEFA VERGARA Y HERNANDEZ,76070
1116,CAMPESTRE ITALIANA,JVH,JOSEFA VERGARA Y HERNANDEZ,76087
1117,CARREFOUR,JVH,JOSEFA VERGARA Y HERNANDEZ,
1118,CENTRO SUR,JVH,JOSEFA VERGARA Y HERNANDEZ,76090
1119,CLAUSTRO DE LAS MISIONES I,JVH,JOSEFA VERGARA Y HERNANDEZ,76093
1120,CLUB CAMPESTRE,JVH,JOSEFA VERGARA Y HERNANDEZ,76190
1121,COLINAS DEL CIMATARIO,JVH,JOSEFA VERGARA Y HERNANDEZ,76090
1122,COLINAS DEL SUR,JVH,JOSEFA VERGARA Y HERNANDEZ,76903
1123,COMERCIANTES,JVH,JOSEFA VERGARA Y HERNANDEZ,76087
1124,COMUNIDAD SAN ISIDRO MIRANDA,JVH,JOSEFA VERGARA Y HERNANDEZ,
1125,CONDOMINIO LA CAPILLA,JVH,JOSEFA VERGARA Y HERNANDEZ,
1126,CONDOMINIO MONTE BLANCO,JVH,JOSEFA VERGARA Y HERNANDEZ,
1127,CONDOMINIO MONTE BLANCO II,JVH,JOSEFA VERGARA Y HERNANDEZ,
1128,CONDOMINIO MONTE BLANCO III,JVH,JOSEFA VERGARA Y HERNANDEZ,
1129,CONJUNTO TERRANOVA,JVH,JOSEFA VERGARA Y HERNANDEZ,76070
1130,CONSTELACION,JVH,JOSEFA VERGARA Y HERNANDEZ,76087
1131,CORREGIDORA  BUROCRATA,JVH,JOSEFA VERGARA Y HERNANDEZ,76070
1132,CORREGIDORA DE QUERETARO,JVH,JOSEFA VERGARA Y HERNANDEZ,
1133,CRUZ DE FUEGO,JVH,JOSEFA VERGARA Y HERNANDEZ,
1134,CUIDAD DE LAS ARTES,JVH,JOSEFA VERGARA Y HERNANDEZ,
1135,CUITLAHUAC,JVH,JOSEFA VERGARA Y HERNANDEZ,76087
1136,EJIDO CASA BLANCA,JVH,JOSEFA VERGARA Y HERNANDEZ,
1137,EL DURAZNO,JVH,JOSEFA VERGARA Y HERNANDEZ,
1138,EL JACAL,JVH,JOSEFA VERGARA Y HERNANDEZ,76187
1139,EL MARQUES QUERETANO,JVH,JOSEFA VERGARA Y HERNANDEZ,
1140,EL PALOMAR RESIDENCIAL,JVH,JOSEFA VERGARA Y HERNANDEZ,76090
1141,EL RETIRO,JVH,JOSEFA VERGARA Y HERNANDEZ,76070
1142,EX-GOBERNADORES,JVH,JOSEFA VERGARA Y HERNANDEZ,
1143,EX-HACIENDA LA PROVIDENCIA,JVH,JOSEFA VERGARA Y HERNANDEZ,
1144,FIDEL VELAZQUEZ SANCHEZ,JVH,JOSEFA VERGARA Y HERNANDEZ,76197
1145,FRACCIONAMIENTO CENTRO SUR                        ,JVH,JOSEFA VERGARA Y HERNANDEZ,
1146,FRACCIONAMIENTO CUESTA BONITA                     ,JVH,JOSEFA VERGARA Y HERNANDEZ,
1147,FRACCIONAMIENTO MONTE REAL,JVH,JOSEFA VERGARA Y HERNANDEZ,
1148,FRACCIONAMIENTO PARQUE COMERCIAL PAPANOA,JVH,JOSEFA VERGARA Y HERNANDEZ,
1149,FRACCIONAMIENTO PEDREGAL DE VISTA HERMOSA,JVH,JOSEFA VERGARA Y HERNANDEZ,
1150,FRATERNIDAD DE SANTIAGO,JVH,JOSEFA VERGARA Y HERNANDEZ,76085
1151,FUENTES DEL CIMATARIO,JVH,JOSEFA VERGARA Y HERNANDEZ,76030
1152,HUERTAS DEL CIMATARIO,JVH,JOSEFA VERGARA Y HERNANDEZ,76080
1153,JARDINES DE LA HACIENDA,JVH,JOSEFA VERGARA Y HERNANDEZ,76180
1154,JARDINES DEL CIMATARIO,JVH,JOSEFA VERGARA Y HERNANDEZ,76087
1155,LA ALHAMBRA,JVH,JOSEFA VERGARA Y HERNANDEZ,76074
1156,LA GRANJA,JVH,JOSEFA VERGARA Y HERNANDEZ,76180
1157,LA JOYA,JVH,JOSEFA VERGARA Y HERNANDEZ,76180
1158,LA ROMITA,JVH,JOSEFA VERGARA Y HERNANDEZ,76080
1159,LA UNION,JVH,JOSEFA VERGARA Y HERNANDEZ,76085
1160,LAS AGUILAS,JVH,JOSEFA VERGARA Y HERNANDEZ,76085
1161,LAS PLAZAS,JVH,JOSEFA VERGARA Y HERNANDEZ,76180
1162,LAS TORRES,JVH,JOSEFA VERGARA Y HERNANDEZ,76186
1163,LAZARO CARDENAS,JVH,JOSEFA VERGARA Y HERNANDEZ,76087
1164,LAZARO CARDENAS III,JVH,JOSEFA VERGARA Y HERNANDEZ,76085
1165,LEYES DE REFORMA,JVH,JOSEFA VERGARA Y HERNANDEZ,76118
1166,LINDEROS DEL CIMATARIO,JVH,JOSEFA VERGARA Y HERNANDEZ,76085
1167,LOMA LINDA,JVH,JOSEFA VERGARA Y HERNANDEZ,76070
1168,LOMAS DE CASA BLANCA,JVH,JOSEFA VERGARA Y HERNANDEZ,76080
1169,LOMAS DE CASA BLANCA 1RA SECC.,JVH,JOSEFA VERGARA Y HERNANDEZ,76085
1170,LOMAS DE CASA BLANCA 2DA SECC.,JVH,JOSEFA VERGARA Y HERNANDEZ,76085
1171,LOMAS DE CASA BLANCA 3RA SECC.,JVH,JOSEFA VERGARA Y HERNANDEZ,76085
1172,LOMAS DE PASTEUR,JVH,JOSEFA VERGARA Y HERNANDEZ,76087
1173,LOMAS DE QUERETARO,JVH,JOSEFA VERGARA Y HERNANDEZ,76190
1174,LOMAS DEL CIMATARIO,JVH,JOSEFA VERGARA Y HERNANDEZ,76085
1175,LOMAS DEL VALLE,JVH,JOSEFA VERGARA Y HERNANDEZ,76085
1176,LOMAS DEL VALLE 2DA. SECC,JVH,JOSEFA VERGARA Y HERNANDEZ,76085
1177,LOS MEZQUITES,JVH,JOSEFA VERGARA Y HERNANDEZ,76912
1178,LOS PILARES,JVH,JOSEFA VERGARA Y HERNANDEZ,76085
1179,MAGISTERIAL,JVH,JOSEFA VERGARA Y HERNANDEZ,76180
1180,MANANTIALES DE CIMARIO,JVH,JOSEFA VERGARA Y HERNANDEZ,76087
1181,MANSIONES DEL VALLE,JVH,JOSEFA VERGARA Y HERNANDEZ,76185
1182,MARIA ESTHER ZUNO DE ECHEVERRIA,JVH,JOSEFA VERGARA Y HERNANDEZ,76080
1183,MARQUES QUERETANO,JVH,JOSEFA VERGARA Y HERNANDEZ,76085
1184,MIRADOR DEL CIMATARIO,JVH,JOSEFA VERGARA Y HERNANDEZ,76085
1185,MISION CIMATARIO,JVH,JOSEFA VERGARA Y HERNANDEZ,
1186,MISION DEL CIMATARIO,JVH,JOSEFA VERGARA Y HERNANDEZ,76085
1187,MISION LA JOYA I                                  ,JVH,JOSEFA VERGARA Y HERNANDEZ,
1188,MISION LA JOYA II                                 ,JVH,JOSEFA VERGARA Y HERNANDEZ,
1189,MISION PUNTA LA JOYA                              ,JVH,JOSEFA VERGARA Y HERNANDEZ,
1190,MONTE BLANCO,JVH,JOSEFA VERGARA Y HERNANDEZ,
1191,MONTE BLANCO III,JVH,JOSEFA VERGARA Y HERNANDEZ,76087
1192,NUEVO HORIZONTE,JVH,JOSEFA VERGARA Y HERNANDEZ,76085
1193,NUEVO TORREON (ALMUDEJAR),JVH,JOSEFA VERGARA Y HERNANDEZ,
1194,ORQUIDEA,JVH,JOSEFA VERGARA Y HERNANDEZ,76180
1195,PARAISO,JVH,JOSEFA VERGARA Y HERNANDEZ,76224
1196,PEDREGAL DE CIMATARIO II,JVH,JOSEFA VERGARA Y HERNANDEZ,
1197,PEDREGAL DEL CIMATARIO,JVH,JOSEFA VERGARA Y HERNANDEZ,76085
1198,PLAZAS DEL SOL,JVH,JOSEFA VERGARA Y HERNANDEZ,76201
1199,PLAZAS DEL SOL 1A. SECCION,JVH,JOSEFA VERGARA Y HERNANDEZ,76099
1200,PLAZAS DEL SOL 2A. SECCION,JVH,JOSEFA VERGARA Y HERNANDEZ,76099
1201,PLAZAS DEL SOL 3A. SECCION,JVH,JOSEFA VERGARA Y HERNANDEZ,76099
1202,POLIGONO 2 DE LA GRANJA EL CRISTO,JVH,JOSEFA VERGARA Y HERNANDEZ,
1203,POLIGONO I DE LA GRANJA EL CRISTO                 ,JVH,JOSEFA VERGARA Y HERNANDEZ,
1204,PRADERAS DEL SOL,JVH,JOSEFA VERGARA Y HERNANDEZ,76087
1205,PRADOS DE MIRANDA,JVH,JOSEFA VERGARA Y HERNANDEZ,
1206,PRADOS DE QUERETARO,JVH,JOSEFA VERGARA Y HERNANDEZ,76085
1207,PRADOS DEL CAMPESTRE,JVH,JOSEFA VERGARA Y HERNANDEZ,76080
1208,PRADOS DEL CIMATARIO,JVH,JOSEFA VERGARA Y HERNANDEZ,76085
1209,PRADOS DEL MIRADOR,JVH,JOSEFA VERGARA Y HERNANDEZ,76070
1210,PRADOS DEL MIRADOR (CUESTA CHINA),JVH,JOSEFA VERGARA Y HERNANDEZ,
1211,PRADOS DEL QUERETARO ,JVH,JOSEFA VERGARA Y HERNANDEZ,
1212,PRESIDENTES,JVH,JOSEFA VERGARA Y HERNANDEZ,76080
1213,QUINTA BALAUSTRADAS,JVH,JOSEFA VERGARA Y HERNANDEZ,76079
1214,RAQUEL TREJO ORTIZ,JVH,JOSEFA VERGARA Y HERNANDEZ,76085
1215,REFORMA AGRARIA,JVH,JOSEFA VERGARA Y HERNANDEZ,76086
1216,REFORMA AGRARIA 1A. SECCION,JVH,JOSEFA VERGARA Y HERNANDEZ,76086
1217,REFORMA AGRARIA 2A. SECCION,JVH,JOSEFA VERGARA Y HERNANDEZ,76086
1218,REFORMA AGRARIA 3A. SECCION,JVH,JOSEFA VERGARA Y HERNANDEZ,76086
1219,REFORMA AGRARIA 4A.SECCION,JVH,JOSEFA VERGARA Y HERNANDEZ,76086
1220,REFORMA AGRARIA 5A. SECCION,JVH,JOSEFA VERGARA Y HERNANDEZ,76086
1221,RESIDENCIAL DEL VALLE,JVH,JOSEFA VERGARA Y HERNANDEZ,76190
1222,RINCON DE SAN ANTONIO,JVH,JOSEFA VERGARA Y HERNANDEZ,76190
1223,RINCON DEL CIMATARIO,JVH,JOSEFA VERGARA Y HERNANDEZ,76085
1224,RINCONADAS DEL SOL,JVH,JOSEFA VERGARA Y HERNANDEZ,76113
1225,ROMA,JVH,JOSEFA VERGARA Y HERNANDEZ,76085
1226,SAN ANDRES,JVH,JOSEFA VERGARA Y HERNANDEZ,76087
1227,SAN ISIDRO MIRANDA,JVH,JOSEFA VERGARA Y HERNANDEZ,
1228,SANTA JUANITA,JVH,JOSEFA VERGARA Y HERNANDEZ,76085
1229,SANTIAGO DE LOS CABALLEROS,JVH,JOSEFA VERGARA Y HERNANDEZ,76070
1230,TIERRA Y LIBERTAD,JVH,JOSEFA VERGARA Y HERNANDEZ,
1231,UNIDAD HABITACIONLA MAGISTERIAL,JVH,JOSEFA VERGARA Y HERNANDEZ,76180
1232,UNIDAD ROMA ,JVH,JOSEFA VERGARA Y HERNANDEZ,
1233,UNIDAD SOCIAL QUERETANA,JVH,JOSEFA VERGARA Y HERNANDEZ,76085
1234,UNION,JVH,JOSEFA VERGARA Y HERNANDEZ,76085
1235,UNION MAGISTERIAL,JVH,JOSEFA VERGARA Y HERNANDEZ,76180
1236,UNIVERSO 2000,JVH,JOSEFA VERGARA Y HERNANDEZ,76085
1237,VENCEREMOS,JVH,JOSEFA VERGARA Y HERNANDEZ,
1238,VILLA  DEL RINCON,JVH,JOSEFA VERGARA Y HERNANDEZ,76087
1239,VILLAS DEL CIMATARIO,JVH,JOSEFA VERGARA Y HERNANDEZ,76085
1240,VISTA ALEGRE,JVH,JOSEFA VERGARA Y HERNANDEZ,76090
1241,VISTA ALEGRE 2A. SECCION,JVH,JOSEFA VERGARA Y HERNANDEZ,76074
1242,VISTA ALEGRE 3A. SECCION,JVH,JOSEFA VERGARA Y HERNANDEZ,76074
1243,VISTA ALEGRE MAXEI,JVH,JOSEFA VERGARA Y HERNANDEZ,76074
1244,VISTA AZUL,JVH,JOSEFA VERGARA Y HERNANDEZ,76087
1245,"VISTA, HABITACIONAL",JVH,JOSEFA VERGARA Y HERNANDEZ,76085
1246,VISTAS DEL CIMATARIO,JVH,JOSEFA VERGARA Y HERNANDEZ,76085
1247,ZAPATA VIVE,JVH,JOSEFA VERGARA Y HERNANDEZ,76087
1248,BELLA VISTA,JVH,JOSEFA VERGARA Y HERNANDEZ,
1249,CLAUSTRO DEL SUR,JVH,JOSEFA VERGARA Y HERNANDEZ,
1250,CLAUSTROS DE SANTIAGO,JVH,JOSEFA VERGARA Y HERNANDEZ,
1251,CONJUNTO HAB LORETO,JVH,JOSEFA VERGARA Y HERNANDEZ,
1252,FRACC. GUADALAJARA,JVH,JOSEFA VERGARA Y HERNANDEZ,
1253,HACIENDA SAN MIGUEL,JVH,JOSEFA VERGARA Y HERNANDEZ,
1254,PRADOS DEL SOL ,JVH,JOSEFA VERGARA Y HERNANDEZ,
1255,RINCONADA DEL SUR,JVH,JOSEFA VERGARA Y HERNANDEZ,
1256,VILLAS MARINA,JVH,JOSEFA VERGARA Y HERNANDEZ,
1257,ACEQUIA BLANCA,SRJ,SANTA ROSA JAUREGUI,76226
1258,AMPLIACION LAS ROSAS,SRJ,SANTA ROSA JAUREGUI,76220
1259,AMPLIACION PARQUE INDUSTRIAL QUERETARO FASE 1,SRJ,SANTA ROSA JAUREGUI,
1260,AMPLIACION PARQUE INDUSTRIAL QUERETARO FASE 2,SRJ,SANTA ROSA JAUREGUI,
1261,AMPLIACION PARQUE INDUSTRIAL QUERETARO FASE 3,SRJ,SANTA ROSA JAUREGUI,
1262,AMPLIACION RANCHO LARGO,SRJ,SANTA ROSA JAUREGUI,76220
1263,ARBOLADAS MONTENEGRO,SRJ,SANTA ROSA JAUREGUI,
1264,ARBOLEDAS - SANTA ROSA JAUREGUI,SRJ,SANTA ROSA JAUREGUI,76220
1265,AZTECA,SRJ,SANTA ROSA JAUREGUI,76230
1266,BALCONES DE JURIQUILLA,SRJ,SANTA ROSA JAUREGUI,76230
1267,BENITO JUAREZ,SRJ,SANTA ROSA JAUREGUI,76089
1268,BIO PRESERVE                                      ,SRJ,SANTA ROSA JAUREGUI,
1269,BUENAVISTA,SRJ,SANTA ROSA JAUREGUI,76225
1270,CAMINO REAL                                       ,SRJ,SANTA ROSA JAUREGUI,
1271,CAMINO REAL SEGUNDA SECCION                       ,SRJ,SANTA ROSA JAUREGUI,
1272,CAMPESTRE LA RICA,SRJ,SANTA ROSA JAUREGUI,
1273,CANADA DE LA MONJA,SRJ,SANTA ROSA JAUREGUI,76217
1274,CASA BLANCA -SANTA ROSA JAUREGUI,SRJ,SANTA ROSA JAUREGUI,76224
1275,CENTRO - SANTA ROSA JAUREGUI,SRJ,SANTA ROSA JAUREGUI,76220
1276,CERRO COLORADO,SRJ,SANTA ROSA JAUREGUI,76224
1277,CERRO DE LA CRUZ - SANTA ROSA JAUREGUI,SRJ,SANTA ROSA JAUREGUI,76221
1278,CHARAPE DE LA JOYA,SRJ,SANTA ROSA JAUREGUI,76221
1279,CHARAPE DE LOS PELONES,SRJ,SANTA ROSA JAUREGUI,76220
1280,COLINAS DE SANTA ROSA,SRJ,SANTA ROSA JAUREGUI,76220
1281,COLINAS DEL BOSQUE,SRJ,SANTA ROSA JAUREGUI,76220
1282,COND PENINSULA(JURIQUILLA) QRO,SRJ,SANTA ROSA JAUREGUI,
1283,CONTINENTAL,SRJ,SANTA ROSA JAUREGUI,76220
1284,COREA                                   ,SRJ,SANTA ROSA JAUREGUI,
1285,CORREGIDORA,SRJ,SANTA ROSA JAUREGUI,76070
1286,CUADRILLA JURIQUILLA,SRJ,SANTA ROSA JAUREGUI,76220
1287,CUMBRES DEL LAGO,SRJ,SANTA ROSA JAUREGUI,76230
1288,EJIDAL BUENAVISTA,SRJ,SANTA ROSA JAUREGUI,76220
1289,EJIDO SANTA ROSA JAUREGUI,SRJ,SANTA ROSA JAUREGUI,76220
1290,EL BARRIAL,SRJ,SANTA ROSA JAUREGUI,76220
1291,EL HERRERO,SRJ,SANTA ROSA JAUREGUI,76228
1292,EL JOFRE,SRJ,SANTA ROSA JAUREGUI,76220
1293,EL JOFRITO,SRJ,SANTA ROSA JAUREGUI,76220
1294,EL MADRONO,SRJ,SANTA ROSA JAUREGUI,
1295,EL MADRONO - PIE DE GALLO,SRJ,SANTA ROSA JAUREGUI,76220
1296,EL PARAISO                                        ,SRJ,SANTA ROSA JAUREGUI,
1297,EL PEDREGAL,SRJ,SANTA ROSA JAUREGUI,76220
1298,EL ZAPOTE (ESTANCIA DE PALO DULCE) (SANTA ROSA JAUREGUI),SRJ,SANTA ROSA JAUREGUI,76236
1299,EMILIANO ZAPATA,SRJ,SANTA ROSA JAUREGUI,76220
1300,ERMITA JURIQUILLA,SRJ,SANTA ROSA JAUREGUI,
1301,ESTANCIA DE LA ROCHERA,SRJ,SANTA ROSA JAUREGUI,
1302,ESTANCIA DE PALO DULCE,SRJ,SANTA ROSA JAUREGUI,76214
1303,EX-HDA DE JURIQUILLA,SRJ,SANTA ROSA JAUREGUI,
1304,FRACCIONAMIENTO ALTAVISTA JURIQUILLA,SRJ,SANTA ROSA JAUREGUI,
1305,FRACCIONAMIENTO ALTOS JURIQUILLA                  ,SRJ,SANTA ROSA JAUREGUI,
1306,FRACCIONAMIENTO COLINAS DE JURIQUILLA             ,SRJ,SANTA ROSA JAUREGUI,
1307,FRACCIONAMIENTO JURICA ACUEDUCTO,SRJ,SANTA ROSA JAUREGUI,
1308,FRACCIONAMIENTO JURICA SAN FRANCISCO,SRJ,SANTA ROSA JAUREGUI,
1309,FRACCIONAMIENTO LA CUADRILLA 1RA SECC.            ,SRJ,SANTA ROSA JAUREGUI,
1310,FRACCIONAMIENTO LA CUADRILLA 2A SECC.,SRJ,SANTA ROSA JAUREGUI,
1311,FRACCIONAMIENTO LOMAS DE JURIQUILLA               ,SRJ,SANTA ROSA JAUREGUI,
1312,FRACCIONAMIENTO REAL DE JURIQUILLA                ,SRJ,SANTA ROSA JAUREGUI,
1313,FRACCIONAMIENTO RESIDENCIAL CALETTO               ,SRJ,SANTA ROSA JAUREGUI,
1314,FRACCIONAMIENTO RESIDENCIAL JURIQUILLA SANTA FE,SRJ,SANTA ROSA JAUREGUI,
1315,GABRIEL LEYVA,SRJ,SANTA ROSA JAUREGUI,76220
1316,HACIENDA SANTA ROSA,SRJ,SANTA ROSA JAUREGUI,76220
1317,"HUIZACHADA, LA",SRJ,SANTA ROSA JAUREGUI,
1318,INDEPENDENCIA - SANTA ROSA JAUREGUI,SRJ,SANTA ROSA JAUREGUI,76220
1319,JOSE LUIS OLVERA,SRJ,SANTA ROSA JAUREGUI,
1320,JURICA  PUEBLO,SRJ,SANTA ROSA JAUREGUI,76100
1321,JURICA EL SALTO,SRJ,SANTA ROSA JAUREGUI,
1322,JURICA LA CANADA,SRJ,SANTA ROSA JAUREGUI,
1323,JURICA LA SOLANA,SRJ,SANTA ROSA JAUREGUI,
1324,JURICA MISIONES,SRJ,SANTA ROSA JAUREGUI,
1325,JURICA RANCHO LARGO,SRJ,SANTA ROSA JAUREGUI,
1326,JURICA REAL CONVENTO                              ,SRJ,SANTA ROSA JAUREGUI,
1327,JURICA TOLIMAN,SRJ,SANTA ROSA JAUREGUI,
1328,JURIQUILLA,SRJ,SANTA ROSA JAUREGUI,76230
1329,JURIQUILLA LA CONDESA,SRJ,SANTA ROSA JAUREGUI,
1330,JURIQUILLA PUEBLO,SRJ,SANTA ROSA JAUREGUI,76220
1331,JURIQUILLA SAN ISIDRI I,SRJ,SANTA ROSA JAUREGUI,
1332,JURIQUILLA SAN ISIDRO I,SRJ,SANTA ROSA JAUREGUI,
1333,JURIQUILLA SAN ISIDRO II,SRJ,SANTA ROSA JAUREGUI,
1334,LA BARRETA,SRJ,SANTA ROSA JAUREGUI,76221
1335,LA CANTERA,SRJ,SANTA ROSA JAUREGUI,76220
1336,LA CARBONERA,SRJ,SANTA ROSA JAUREGUI,76221
1337,LA COLMENA,SRJ,SANTA ROSA JAUREGUI,76220
1338,LA CRUZ (SANTA ROSA JAUREGUI),SRJ,SANTA ROSA JAUREGUI,76220
1339,LA ERMITA DE MONTENEGRO,SRJ,SANTA ROSA JAUREGUI,
1340,LA ESTACADA,SRJ,SANTA ROSA JAUREGUI,76210
1341,LA GOTERA,SRJ,SANTA ROSA JAUREGUI,76210
1342,LA JOYA - SANTA ROSA JAUREGUI,SRJ,SANTA ROSA JAUREGUI,76220
1343,LA LAGRIMA,SRJ,SANTA ROSA JAUREGUI,76220
1344,LA LOMA,SRJ,SANTA ROSA JAUREGUI,
1345,LA LUZ,SRJ,SANTA ROSA JAUREGUI,76212
1346,LA LUZ II,SRJ,SANTA ROSA JAUREGUI,
1347,LA MONJA,SRJ,SANTA ROSA JAUREGUI,76219
1348,LA PALMA (STA ROSA JAUREGUI),SRJ,SANTA ROSA JAUREGUI,76220
1349,LA PARED,SRJ,SANTA ROSA JAUREGUI,76220
1350,LA PRESA DE SANTA CATARINA,SRJ,SANTA ROSA JAUREGUI,76220
1351,LA PUERTA DE SANTIAGUILLO,SRJ,SANTA ROSA JAUREGUI,76220
1352,LA RICA JURIQUILLA                                ,SRJ,SANTA ROSA JAUREGUI,
1353,LA RICA JURIQUILLA                                ,SRJ,SANTA ROSA JAUREGUI,
1354,LA SIERRITA I,SRJ,SANTA ROSA JAUREGUI,
1355,LA SIERRITA II,SRJ,SANTA ROSA JAUREGUI,
1356,LA SOLANA (TROJES),SRJ,SANTA ROSA JAUREGUI,76220
1357,LA SOLANA I,SRJ,SANTA ROSA JAUREGUI,
1358,LA SOLANA II,SRJ,SANTA ROSA JAUREGUI,
1359,LA SOLANA III,SRJ,SANTA ROSA JAUREGUI,
1360,LA SOLANA SAN JUAN,SRJ,SANTA ROSA JAUREGUI,76220
1361,LA VERSOLILLA,SRJ,SANTA ROSA JAUREGUI,76220
1362,LAGO DE JURIQUILLA                                ,SRJ,SANTA ROSA JAUREGUI,
1363,LAS FLORES,SRJ,SANTA ROSA JAUREGUI,76137
1364,LAS LAJITAS,SRJ,SANTA ROSA JAUREGUI,76220
1365,LAS ROSAS - SANTA ROSA JAUREGUI,SRJ,SANTA ROSA JAUREGUI,76220
1366,LAS ROSAS II,SRJ,SANTA ROSA JAUREGUI,
1367,LAS TROJES,SRJ,SANTA ROSA JAUREGUI,
1368,LINDAVISTA                                        ,SRJ,SANTA ROSA JAUREGUI,
1369,LINDAVISTA (STA ROSA JAUREGUI),SRJ,SANTA ROSA JAUREGUI,76125
1370,LLANO DE LA ROCHERA,SRJ,SANTA ROSA JAUREGUI,76224
1371,LOMA DEL CHINO,SRJ,SANTA ROSA JAUREGUI,76218
1372,LOMAS DEL PARQUE,SRJ,SANTA ROSA JAUREGUI,76220
1373,LOMAS DEL PEDREGAL,SRJ,SANTA ROSA JAUREGUI,76220
1374,LOS ANGELES - SANTA ROSA JAUREGUI,SRJ,SANTA ROSA JAUREGUI,76220
1375,LOS ARQUITOS,SRJ,SANTA ROSA JAUREGUI,76220
1376,MANANTIAL DE LA ESTACADA                          ,SRJ,SANTA ROSA JAUREGUI,
1377,MARIPOSAS,SRJ,SANTA ROSA JAUREGUI,76233
1378,MICROINDUSTRIAL SANTA ROSA,SRJ,SANTA ROSA JAUREGUI,
1379,MONTENEGRO,SRJ,SANTA ROSA JAUREGUI,76220
1380,NUEVA SANTA ROSA,SRJ,SANTA ROSA JAUREGUI,76220
1381,NUEVO AMANECER,SRJ,SANTA ROSA JAUREGUI,76220
1382,NUEVO JURIQUILLA,SRJ,SANTA ROSA JAUREGUI,
1383,NUEVO SANTA ROSA,SRJ,SANTA ROSA JAUREGUI,76220
1384,NVO. JURIQUILLA,SRJ,SANTA ROSA JAUREGUI,76230
1385,OJO DE AGUA,SRJ,SANTA ROSA JAUREGUI,76211
1386,PALO ALTO,SRJ,SANTA ROSA JAUREGUI,76213
1387,PARQUE SAN ISIDRO                                 ,SRJ,SANTA ROSA JAUREGUI,
1388,PEDREGAL DE LA RICA,SRJ,SANTA ROSA JAUREGUI,
1389,PIE DE GALLO,SRJ,SANTA ROSA JAUREGUI,76224
1390,PILETAS,SRJ,SANTA ROSA JAUREGUI,76220
1391,PINTILLO,SRJ,SANTA ROSA JAUREGUI,76223
1392,PINTO,SRJ,SANTA ROSA JAUREGUI,76223
1393,POPOCATEPETL,SRJ,SANTA ROSA JAUREGUI,76220
1394,PRESA DE BECERRA,SRJ,SANTA ROSA JAUREGUI,76216
1395,PRESA DE SAN ANTONIO,SRJ,SANTA ROSA JAUREGUI,
1396,PRESITA DE SAN ANTONIO,SRJ,SANTA ROSA JAUREGUI,76220
1397,PRIVADA DE LOS PORTONES,SRJ,SANTA ROSA JAUREGUI,
1398,PRIVADA JURIQUILLA,SRJ,SANTA ROSA JAUREGUI,76230
1399,PROVINCIA JURIQUILLA,SRJ,SANTA ROSA JAUREGUI,76230
1400,PUERTA DE SANTIAGUILLO,SRJ,SANTA ROSA JAUREGUI,76220
1401,PUERTO DE AGUIRRE,SRJ,SANTA ROSA JAUREGUI,
1402,PUNTA JURIQUILLA,SRJ,SANTA ROSA JAUREGUI,
1403,RANCHO GUADALUPE(LA LAGRIMA)                      ,SRJ,SANTA ROSA JAUREGUI,
1404,RANCHO LA PROVIDENCIA,SRJ,SANTA ROSA JAUREGUI,
1405,RANCHO LARGO,SRJ,SANTA ROSA JAUREGUI,76220
1406,REAL MONTENEGRO                                   ,SRJ,SANTA ROSA JAUREGUI,
1407,RINCON DE OJO DE AGUA,SRJ,SANTA ROSA JAUREGUI,76220
1408,RINCONADA SANTA ROSA                              ,SRJ,SANTA ROSA JAUREGUI,
1409,RIVERA MEXICANA,SRJ,SANTA ROSA JAUREGUI,
1410,SALINAS,SRJ,SANTA ROSA JAUREGUI,
1411,SALTO-JURIQUILLA QUERETARO EL,SRJ,SANTA ROSA JAUREGUI,
1412,SAN ANTONIO DE TROJES,SRJ,SANTA ROSA JAUREGUI,
1413,SAN FRANCISCO,SRJ,SANTA ROSA JAUREGUI,76058
1414,SAN FRANCISCO JURIQUILLA,SRJ,SANTA ROSA JAUREGUI,
1415,SAN ISIDRO BUENAVISTA,SRJ,SANTA ROSA JAUREGUI,76223
1416,SAN ISIDRO EL ALTO,SRJ,SANTA ROSA JAUREGUI,76230
1417,SAN ISIDRO EL VIEJO,SRJ,SANTA ROSA JAUREGUI,76220
1418,SAN JOSE BUENAVISTA,SRJ,SANTA ROSA JAUREGUI,76226
1419,SAN MIGUELITO,SRJ,SANTA ROSA JAUREGUI,76220
1420,SANTA CATARINA (SANTA ROSA JAUREGUI),SRJ,SANTA ROSA JAUREGUI,76223
1421,SANTA LUCIA,SRJ,SANTA ROSA JAUREGUI,76220
1422,SANTA ROSA JAUREGUI,SRJ,SANTA ROSA JAUREGUI,76220
1423,SANTO NINO DE PRAGA,SRJ,SANTA ROSA JAUREGUI,76234
1424,UNIVERSIDAD - SANTA ROSA JAUREGUI,SRJ,SANTA ROSA JAUREGUI,76028
1425,UNIVERSIDADES                                     ,SRJ,SANTA ROSA JAUREGUI,
1426,VALLE DORADO,SRJ,SANTA ROSA JAUREGUI,76220
1427,"VALLE DORADO I, II, III",SRJ,SANTA ROSA JAUREGUI,76220
1428,VILLAS DE COREA,SRJ,SANTA ROSA JAUREGUI,
1429,VILLAS DE SANTA ROSA                              ,SRJ,SANTA ROSA JAUREGUI,
1430,VILLAS DEL MESON - JURIQUILLA,SRJ,SANTA ROSA JAUREGUI,76226
1431,VILLAS DEL MESON (ARCOS I) QRO,SRJ,SANTA ROSA JAUREGUI,
1432,VILLAS DEL MESON(ARCOS II) QRO,SRJ,SANTA ROSA JAUREGUI,
1433,VILLAS DEL RINCON,SRJ,SANTA ROSA JAUREGUI,76187
1434,2 DE ABRIL,VCR,VILLA CAYETANO RUBIO,76069
1435,8 DE DICIEMBRE,VCR,VILLA CAYETANO RUBIO,76069
1436,ALAMOS 1A SECCION,VCR,VILLA CAYETANO RUBIO,76160
1437,ALTOS DEL MARQUES,VCR,VILLA CAYETANO RUBIO,76146
1438,"ALTOS DEL MARQUES, SECCIONES 2-A Y 2-B",VCR,VILLA CAYETANO RUBIO,76146
1439,BALCONES COLONIALES,VCR,VILLA CAYETANO RUBIO,76140
1440,BALCONES DEL ACUEDUCTO,VCR,VILLA CAYETANO RUBIO,76024
1441,BARRIO DE LA PENITA,VCR,VILLA CAYETANO RUBIO,
1442,BELINDA,VCR,VILLA CAYETANO RUBIO,76069
1443,BOLANOS,VCR,VILLA CAYETANO RUBIO,76144
1444,BOSQUES DE HERCULES,VCR,VILLA CAYETANO RUBIO,76069
1445,BUGAMBILIAS,VCR,VILLA CAYETANO RUBIO,76116
1446,CALESA,VCR,VILLA CAYETANO RUBIO,76020
1447,CALESA 1A SECCION,VCR,VILLA CAYETANO RUBIO,76024
1448,CALESA 2A. SECCION,VCR,VILLA CAYETANO RUBIO,76024
1449,CAMPANARIO DE SANTA ANA ,VCR,VILLA CAYETANO RUBIO,
1450,COLINAS DEL PARQUE,VCR,VILLA CAYETANO RUBIO,76140
1451,COND BUGAMBILIAS (HERCULES),VCR,VILLA CAYETANO RUBIO,
1452,CONDOMINIOS ALTOS DEL MARQUES,VCR,VILLA CAYETANO RUBIO,
1453,CONJUNTO SEMINARIO,VCR,VILLA CAYETANO RUBIO,76024
1454,CUESTA BONITA,VCR,VILLA CAYETANO RUBIO,76063
1455,DEL BOSQUE,VCR,VILLA CAYETANO RUBIO,76069
1456,EJIDO BOLANOS,VCR,VILLA CAYETANO RUBIO,76237
1457,EL BOSQUE,VCR,VILLA CAYETANO RUBIO,
1458,EL BOSQUE 2A SEC,VCR,VILLA CAYETANO RUBIO,
1459,EL CAMPANARIO,VCR,VILLA CAYETANO RUBIO,76146
1460,EL CORTIJO,VCR,VILLA CAYETANO RUBIO,76020
1461,EL CORTIJO II                     ,VCR,VILLA CAYETANO RUBIO,
1462,EL LIMONAR,VCR,VILLA CAYETANO RUBIO,76069
1463,EL POCITO,VCR,VILLA CAYETANO RUBIO,76190
1464,EL REFUGIO (LAGUNILLAS),VCR,VILLA CAYETANO RUBIO,
1465,ESTACION,VCR,VILLA CAYETANO RUBIO,
1466,ESTACION I,VCR,VILLA CAYETANO RUBIO,76069
1467,EX HACIENDA CARRETAS,VCR,VILLA CAYETANO RUBIO,
1468,FRACCIONAMIENTO BALCONES                          ,VCR,VILLA CAYETANO RUBIO,
1469,FRACCIONAMIENTO LA CIMA,VCR,VILLA CAYETANO RUBIO,
1470,FRACCIONAMIENTO LOS ARCOS,VCR,VILLA CAYETANO RUBIO,
1471,FRACCIONAMIENTO PEDREGAL DE QUERETARO,VCR,VILLA CAYETANO RUBIO,
1472,HACIENDA EL CAMPANARIO,VCR,VILLA CAYETANO RUBIO,
1473,HERCULES,VCR,VILLA CAYETANO RUBIO,76069
1474,HERCULES II,VCR,VILLA CAYETANO RUBIO,76069
1475,INMUEBLES DE QUERETARO,VCR,VILLA CAYETANO RUBIO,
1476,JARDINES DE HERCULES,VCR,VILLA CAYETANO RUBIO,76069
1477,KARINA,VCR,VILLA CAYETANO RUBIO,76024
1478,LA CUESTA,VCR,VILLA CAYETANO RUBIO,
1479,LA ERMITA,VCR,VILLA CAYETANO RUBIO,76063
1480,LA ESTACION,VCR,VILLA CAYETANO RUBIO,76146
1481,LA ESTACION II,VCR,VILLA CAYETANO RUBIO,76069
1482,LA LABORCILLA,VCR,VILLA CAYETANO RUBIO,
1483,LA LAGUNA,VCR,VILLA CAYETANO RUBIO,76067
1484,LA LAGUNA (HERCULES),VCR,VILLA CAYETANO RUBIO,
1485,LA PENITA,VCR,VILLA CAYETANO RUBIO,76024
1486,LA PURISIMA,VCR,VILLA CAYETANO RUBIO,76239
1487,"LA PURISIMA, EJIDO",VCR,VILLA CAYETANO RUBIO,
1488,LOMA DORADA,VCR,VILLA CAYETANO RUBIO,76060
1489,LOMAS DE CARRETAS,VCR,VILLA CAYETANO RUBIO,76067
1490,LOMAS DEL CAMPANARIO NORTE                        ,VCR,VILLA CAYETANO RUBIO,
1491,LOMAS DEL MARQUES,VCR,VILLA CAYETANO RUBIO,76146
1492,LOS POZOS,VCR,VILLA CAYETANO RUBIO,
1493,MILENIO III,VCR,VILLA CAYETANO RUBIO,
1494,MIRADOR CAMPANARIO ,VCR,VILLA CAYETANO RUBIO,
1495,MIRADOR DEL MARQUES,VCR,VILLA CAYETANO RUBIO,76146
1496,MIRADORES,VCR,VILLA CAYETANO RUBIO,
1497,MORELOS -HOLYWOOD,VCR,VILLA CAYETANO RUBIO,76069
1498,MORELOS-RANCHO NUEVO,VCR,VILLA CAYETANO RUBIO,
1499,PARQUES RESIDENCIALES,VCR,VILLA CAYETANO RUBIO,
1500,PEDREGAL DE QUERETARO,VCR,VILLA CAYETANO RUBIO,76144
1501,PEDREGAL DE VISTA HERMOSA,VCR,VILLA CAYETANO RUBIO,76063
1502,PUERTA DEL CIELO,VCR,VILLA CAYETANO RUBIO,76144
1503,RANCHO NUEVO,VCR,VILLA CAYETANO RUBIO,76146
1504,RANCHO SAN ANTONIO,VCR,VILLA CAYETANO RUBIO,76144
1505,RESIDENCIAL DEL PARQUE,VCR,VILLA CAYETANO RUBIO,
1506,RESIDENCIAL VIVEROS ,VCR,VILLA CAYETANO RUBIO,76140
1507,RINCONADA ARBOLEDAS,VCR,VILLA CAYETANO RUBIO,76140
1508,SAN CARLOS,VCR,VILLA CAYETANO RUBIO,
1509,SAN JOSE DE LOS PERALES,VCR,VILLA CAYETANO RUBIO,
1510,SAN SERVANDO,VCR,VILLA CAYETANO RUBIO,
1511,TEJAS,VCR,VILLA CAYETANO RUBIO,76069
1512,UNIDAD HABITACIONAL SAN ANTONIO,VCR,VILLA CAYETANO RUBIO,76141
1513,VILLA DEL RIO,VCR,VILLA CAYETANO RUBIO,76024
1514,VILLAS DEL ORIENTE,VCR,VILLA CAYETANO RUBIO,76063
1515,VILLAS LOS ARCOS,VCR,VILLA CAYETANO RUBIO,76063
1516,VILLAS PALMIRA,VCR,VILLA CAYETANO RUBIO,76146
1517,VISTA DORADA,VCR,VILLA CAYETANO RUBIO,76060
1518,CUMBRES DEL MIRADOR,VCR,VILLA CAYETANO RUBIO,
1519,DIAMANTE,VCR,VILLA CAYETANO RUBIO,
1520,FRACC COTO CLUB,VCR,VILLA CAYETANO RUBIO,
1521,FRACC. PIRULES ,VCR,VILLA CAYETANO RUBIO,
1522,LOMAS DEL CAMPANARIO I,VCR,VILLA CAYETANO RUBIO,
1523,LOMAS DEL CAMPANARIO II,VCR,VILLA CAYETANO RUBIO,
1524,LOMAS DEL CAMPANARIO III,VCR,VILLA CAYETANO RUBIO,
1525,RESIDENCIAL BALCONES,VCR,VILLA CAYETANO RUBIO,
1526,RESIDENCIAL SANTORINI,VCR,VILLA CAYETANO RUBIO,
1527,RESIDENCIAL VIRREYES,VCR,VILLA CAYETANO RUBIO,
1528,VILLAS DEL MARQUES,VCR,VILLA CAYETANO RUBIO,
1529,VISTA HERMOSA,VCR,VILLA CAYETANO RUBIO,76063
1530,EL REFUGIO,VCR,VILLA CAYETANO RUBIO,76146
